{
  "comment": "",
  "compatibility": {
    "nextcladeCli": {
      "max": null,
      "min": "1.10.0"
    },
    "nextcladeWeb": {
      "max": null,
      "min": "1.13.0"
    }
  },
  "defaultGene": "S",
  "defaultRef": "MN908947",
  "enabled": true,
  "files": {
    "geneMap": "genemap.gff",
    "primers": "primers.csv",
    "qc": "qc.json",
    "reference": "reference.fasta",
    "sequences": "sequences.fasta",
    "tree": "tree.json",
    "virusPropertiesJson": "virus_properties.json"
  },
  "geneOrderPreference": [
    "S",
    "ORF1a",
    "ORF1b",
    "ORF3a",
    "ORF6",
    "ORF7a",
    "ORF7b",
    "ORF8",
    "ORF9b",
    "E",
    "M",
    "N"
  ],
  "metadata": {},
  "name": "sars-cov-2",
  "nameFriendly": "SARS-CoV-2",
  "reference": {
    "accession": "MN908947",
    "source": "genbank",
    "strainName": "Wuhan-Hu-1/2019"
  },
  "tag": "2023-10-26T12:00:00Z"
}
