{"schemaVersion": "1.10.0", "placementMaskRanges": [{"begin": 0, "end": 50}, {"begin": 29850, "end": 29902}], "nucMutLabelMap": {"174T": ["20H"], "193T": ["23C"], "204T": ["20E"], "210T": ["21J", "21I", "21A", "21B"], "222T": ["20E"], "241T": ["21J", "21K", "21L", "22B", "20I", "20A", "22E", "21I", "20B", "23A", "22C", "20E", "22A", "20G", "20J", "21A", "22D", "23D", "21C", "22F", "23C", "21F", "20H", "rec", "23B", "21H", "23E", "20D", "20F", "20C", "21G", "21D", "21B", "23F", "21M", "21E"], "275T": ["19B"], "313T": ["20B"], "405G": ["23A", "23D", "22F", "23B", "23E", "23F"], "445C": ["20E"], "526T": ["21J"], "569A": ["20D"], "593T": ["22D"], "625T": ["rec"], "670G": ["21L", "22B", "22E", "23A", "22C", "22A", "22D", "23D", "22F", "23C", "23B", "rec", "23E", "23F"], "733C": ["20J"], "913T": ["20I"], "1048T": ["21J"], "1059T": ["20G", "20A", "21C", "21F", "20H", "20C"], "1163T": ["20F"], "1180G": ["20C"], "1191T": ["21A"], "1267T": ["21A"], "1498T": ["21D"], "1545T": ["23C"], "1567T": ["19B"], "1627T": ["22B", "rec"], "1684T": ["21I"], "1729A": ["21I"], "1752G": ["21E"], "1807G": ["21D"], "1820A": ["21J"], "1927C": ["20G"], "1931A": ["22E"], "2061T": ["21E"], "2110T": ["20I"], "2334T": ["23F"], "2395T": ["21C"], "2453T": ["20I"], "2470T": ["21K"], "2480G": ["19A"], "2518T": ["21J"], "2536T": ["21D"], "2558T": ["19A"], "2597C": ["21C"], "2659A": ["21D"], "2692T": ["20H"], "2749T": ["20J"], "2790T": ["21L", "22B", "22E", "23A", "22C", "22A", "22D", "23D", "22F", "23C", "23B", "rec", "23E", "23F"], "2832G": ["21K", "rec"], "2841T": ["20D"], "2911G": ["21I"], "2954C": ["22E"], "3037T": ["21J", "21K", "21L", "22B", "20I", "20A", "22E", "23A", "21I", "22C", "20B", "22A", "20E", "20G", "20J", "22D", "21A", "23D", "21C", "22F", "23C", "rec", "23B", "21F", "20H", "21H", "23E", "20D", "20F", "20C", "21G", "21D", "21B", "23F", "21M", "21E"], "3241T": ["21K"], "3267T": ["20I"], "3339C": ["rec"], "3428G": ["21H"], "3457T": ["21B"], "3796T": ["22D", "23C"], "3817T": ["21C"], "3828T": ["20J"], "3857A": ["23C"], "3859G": ["22B"], "3927T": ["22D", "23C"], "3948G": ["21J"], "4002T": ["20D", "21G"], "4181T": ["21J"], "4184A": ["21L", "22B", "22E", "23A", "22C", "22A", "22D", "23D", "22F", "23C", "23B", "rec", "23E", "23F"], "4234T": ["23E"], "4237C": ["21J"], "4321T": ["21L", "22B", "22E", "23A", "22C", "22A", "22D", "23D", "22F", "23C", "23B", "rec", "23E", "23F"], "4516C": ["21E"], "4543T": ["20A", "19B"], "4586T": ["22D", "23C"], "4878T": ["21H"], "4926G": ["21E"], "4965T": ["21B"], "5100T": ["20H"], "5164T": ["21I"], "5180A": ["20D"], "5183T": ["22D", "23C"], "5184T": ["21I", "21A"], "5192T": ["21H"], "5230T": ["20H"], "5234G": ["19B"], "5239T": ["21J"], "5284T": ["22B"], "5365T": ["21J"], "5386G": ["21K"], "5388A": ["20I"], "5488G": ["19B"], "5514C": ["21J"], "5515T": ["21K"], "5584G": ["21I"], "5629T": ["20A"], "5648C": ["20J"], "5720A": ["23D", "23F"], "5730T": ["21K"], "5869T": ["21D"], "5924A": ["21K"], "5944T": ["20I"], "5986T": ["20I"], "6037T": ["21H"], "6040T": ["21J"], "6070T": ["rec"], "6101A": ["21F"], "6285T": ["21D"], "6286T": ["20E"], "6312A": ["19A"], "6319G": ["20J"], "6402T": ["21J"], "6536A": ["23E"], "6541T": ["23F"], "6613G": ["20J"], "6638T": ["21J"], "6704G": ["21H"], "6730T": ["20C"], "6740T": ["23E"], "6851C": ["20C"], "6936T": ["20C"], "6954C": ["20I"], "6979G": ["22B"], "7042T": ["20I"], "7124T": ["21J", "21G", "20D"], "7165T": ["21B"], "7201G": ["21F"], "7424G": ["21G"], "7528T": ["22B"], "7540C": ["20F"], "7564A": ["21E"], "7851T": ["21J"], "7926T": ["21J", "21K"], "8031G": ["21D"], "8052G": ["20H"], "8083A": ["20G"], "8139T": ["21E"], "8140T": ["22A"], "8393A": ["21K"], "8593C": ["21D"], "8692T": ["rec"], "8782T": ["19B"], "8809T": ["21F"], "8829T": ["21J"], "8835C": ["21J"], "8882G": ["22B"], "8947T": ["21C"], "8986T": ["21J"], "8991T": ["21L"], "9053T": ["21J"], "9105A": ["20J"], "9120T": ["21H"], "9203A": ["21E"], "9344T": ["21L", "22B", "22E", "23A", "22C", "22A", "22D", "23D", "22F", "23C", "23B", "rec", "23E", "23F"], "9424G": ["21L", "22B", "22E", "23A", "22C", "22A", "22D", "23D", "22F", "23C", "23B", "rec", "23E", "23F"], "9477A": ["19B"], "9526T": ["20A"], "9534T": ["21L", "22B", "22E", "23A", "22C", "22A", "22D", "23D", "22F", "23C", "23B", "rec", "23E", "23F"], "9559T": ["21J"], "9565T": ["21D"], "9693T": ["23F"], "9738C": ["21C"], "9749G": ["20C"], "9857T": ["21G"], "9866T": ["21L", "23A", "22C", "22D", "23D", "22F", "23C", "23B", "rec", "23E", "23F"], "9867C": ["21F", "21G", "21E"], "9891T": ["21I"], "9929A": ["20D"], "9967T": ["22B"], "10029T": ["21J", "21K", "21L", "22B", "22E", "23A", "22C", "22A", "22D", "23D", "22F", "23C", "23B", "rec", "21H", "23E", "21G", "23F", "20C", "19B", "21M"], "10097A": ["20D", "21G"], "10135C": ["21K"], "10198T": ["21L", "22B", "22E", "23A", "22C", "22A", "22D", "23D", "22F", "23C", "23B", "rec", "23E", "23F"], "10204C": ["23A"], "10319T": ["20G"], "10323G": ["20H"], "10396T": ["20H"], "10447A": ["21L", "22B", "22E", "23A", "22C", "22A", "22D", "23D", "22F", "23C", "23B", "rec", "23E", "23F"], "10449A": ["21K", "21L", "22B", "22E", "23A", "22C", "22A", "22D", "23D", "22F", "23C", "23B", "rec", "23E", "23F", "21M"], "10560G": ["21K"], "10977T": ["21J"], "11005A": ["19B"], "11083T": ["19A"], "11146T": ["22D"], "11201G": ["21J", "21B"], "11230T": ["19B"], "11308A": ["21E"], "11325T": ["20D"], "11332G": ["21J"], "11337C": ["20D"], "11418C": ["21I"], "11451G": ["21H"], "11456G": ["21J"], "11497T": ["20A"], "11514T": ["21I", "20C"], "11515C": ["22D"], "11537G": ["21K"], "11562T": ["21J"], "11674T": ["22C"], "11750T": ["22E", "23B"], "11804A": ["20C"], "11956T": ["23D", "23B"], "12049T": ["21E"], "12053T": ["21E"], "12100T": ["21C"], "12160A": ["22B", "22E", "22A"], "12162G": ["20I"], "12310A": ["22B"], "12444G": ["22D", "23C", "rec"], "12534T": ["20D"], "12730A": ["23B"], "12778T": ["20J"], "12789T": ["23D", "23F"], "12801A": ["21J"], "12815T": ["19B"], "12878G": ["21C"], "12880T": ["21L", "22B", "22E", "23A", "22C", "22A", "22D", "23D", "22F", "23C", "23B", "rec", "23E", "23F"], "12946C": ["21A"], "13019T": ["21I"], "13057T": ["21H"], "13195C": ["21K"], "13536T": ["20D", "21G"], "13627A": ["23F"], "13713A": ["21C"], "13730T": ["19A"], "13860T": ["20J"], "13993T": ["20A"], "14014G": ["21J"], "14030A": ["21I"], "14120T": ["20I"], "14257C": ["22E"], "14407T": ["21D"], "14408T": ["21J", "21K", "21L", "22B", "20I", "20A", "22E", "23A", "21I", "22C", "20B", "22A", "20E", "20G", "20J", "22D", "21A", "23D", "22F", "21C", "23C", "rec", "23B", "21F", "20H", "23E", "21H", "20D", "20F", "20C", "21G", "21D", "21B", "23F", "21M", "21E"], "14599T": ["22A"], "14676T": ["20I"], "14805T": ["20G", "19A", "19B"], "14856G": ["23B"], "15002G": ["21H"], "15009C": ["22C"], "15096C": ["20I"], "15240T": ["21K"], "15279T": ["20I"], "15451A": ["21J", "21I", "23A", "22D", "21A", "23D", "22F", "23C", "23B", "rec", "23E", "23F"], "15521A": ["21J"], "15714T": ["21L", "22B", "22E", "23A", "22C", "22A", "22D", "23D", "22F", "23C", "23B", "rec", "23E", "23F"], "15738T": ["23A", "23D", "22F", "23B", "23E", "23F"], "15766T": ["20A"], "15939C": ["23A", "23D", "22F", "23B", "23E", "23F"], "15952A": ["21J"], "16064G": ["21K"], "16176C": ["20I"], "16342C": ["23A", "23D", "22F", "23B", "23F"], "16375T": ["20C"], "16394T": ["21C"], "16466T": ["21J", "21I", "21A", "rec", "19B"], "16500C": ["21F"], "16549T": ["20D"], "16616A": ["22B"], "16647T": ["20F"], "16726T": ["21J"], "16852T": ["21B"], "16857C": ["19B"], "16878T": ["23D", "23F"], "16889G": ["20A"], "16935A": ["22E"], "17014T": ["21C"], "17019T": ["20A", "21H"], "17039G": ["22E"], "17040C": ["21J"], "17074T": ["21E"], "17104T": ["20A"], "17122T": ["21J"], "17124C": ["23A"], "17236G": ["21J"], "17247C": ["19A"], "17259T": ["20J"], "17339T": ["21E"], "17410T": ["21L", "22B", "22E", "23A", "22C", "22A", "22D", "23D", "22F", "23C", "23B", "rec", "23E", "23F"], "17491T": ["21H"], "17523T": ["21B"], "17615G": ["20I"], "17707T": ["21H"], "17747T": ["19B"], "17766T": ["20D"], "17858G": ["19B"], "17859C": ["23A", "23D", "22F", "23B", "23E", "23F"], "17999T": ["20H"], "18060T": ["19B"], "18086T": ["21I"], "18163G": ["21K", "21L", "22B", "22E", "23A", "22C", "22A", "22D", "23D", "22F", "23C", "23B", "rec", "23E", "23F"], "18171T": ["21D"], "18176T": ["21A"], "18417C": ["19B"], "18424G": ["20G"], "18492G": ["23F"], "18503G": ["21E"], "18555T": ["20F"], "18583A": ["23C", "rec"], "18703T": ["23B"], "18744T": ["21J"], "18877T": ["20A", "21H"], "19006T": ["21J"], "19035C": ["21H"], "19220T": ["21J"], "19326G": ["23A", "23D", "22F", "23B", "23E", "23F"], "19524T": ["22B", "21J"], "19813T": ["21B"], "19839C": ["20B"], "19886G": ["23C"], "19955T": ["21L", "22B", "22E", "23A", "22C", "22A", "22D", "23D", "22F", "23C", "23B", "rec", "23E", "23F"], "20055G": ["21L", "22B", "22E", "23A", "22C", "22A", "22D", "23D", "22F", "23C", "23B", "rec", "23E", "23F"], "20148T": ["21H"], "20235T": ["22D"], "20244G": ["21E"], "20262G": ["21F"], "20268G": ["20A"], "20396G": ["21B"], "20401G": ["21B"], "20402T": ["21H"], "20724G": ["21D"], "20741G": ["23C"], "20748C": ["20C"], "20937T": ["21J"], "21137G": ["21J", "21D"], "21255C": ["20E"], "21304T": ["20G"], "21372T": ["21J"], "21570G": ["22A"], "21575T": ["21F"], "21588T": ["21E"], "21595T": ["21K"], "21597T": ["20D"], "21600T": ["21C"], "21614T": ["20J", "20E", "20H"], "21618G": ["21J", "21I", "21A"], "21618T": ["21L", "22B", "22E", "23A", "22C", "22A", "22D", "23D", "22F", "23C", "23B", "rec", "23E", "23F"], "21621A": ["20J"], "21638T": ["20J"], "21717G": ["21D"], "21718T": ["23F"], "21721T": ["22C"], "21762T": ["21K", "21D"], "21786T": ["21G"], "21789T": ["21G"], "21801C": ["20H"], "21810C": ["23A", "23D", "22F", "23B", "23E", "23F"], "21811T": ["23C"], "21846T": ["21K", "21J", "21F", "21H", "21B"], "21895C": ["21B"], "21897T": ["21J"], "21974T": ["20J"], "21987A": ["21J", "21L", "22B", "22E", "23A", "22C", "22A", "21I", "22D", "23D", "22F", "23C", "23B", "rec", "23E", "23F", "21B"], "21993C": ["21H"], "21995A": ["21H"], "21995C": ["21J"], "22000A": ["23A", "23D", "22F", "23B", "23E", "23F"], "22001G": ["22D", "23C", "rec"], "22016C": ["22D", "23C", "rec"], "22016A": ["20D"], "22018T": ["21C"], "22022A": ["21B"], "22032C": ["20C"], "22033A": ["22D", "23C", "rec"], "22101T": ["23B"], "22109G": ["23A", "23D", "22F", "23B", "23E", "23F"], "22113T": ["23E"], "22115G": ["23C"], "22132T": ["20J"], "22190G": ["22D", "23C", "rec"], "22194G": ["21K"], "22200A": ["23A", "23D", "22F", "23B", "23E", "23F"], "22200G": ["21L", "22B", "22E", "22C", "22A", "22D", "23C", "rec"], "22206G": ["20H"], "22227T": ["21I", "20E"], "22255T": ["20G"], "22317T": ["23A", "23D", "22F", "23B", "23F"], "22320G": ["21F", "23E"], "22331A": ["22D", "23C", "rec"], "22356G": ["21E"], "22384A": ["21H"], "22427A": ["21I"], "22480T": ["23F"], "22525G": ["19B"], "22577C": ["23A", "22D", "23D", "22F", "23C", "23B", "rec", "23E", "23F"], "22578A": ["21K", "21L", "22B", "22E", "23A", "22C", "22A", "22D", "23D", "22F", "23C", "23B", "rec", "23E", "23F"], "22597T": ["21C"], "22599A": ["21K", "21H"], "22599C": ["22E", "23A", "22D", "23D", "22F", "22A", "23C", "23B", "rec", "23E", "23F"], "22600C": ["20D"], "22629C": ["22D"], "22664A": ["23A", "23D", "22F", "23B", "23E", "23F"], "22673C": ["21K"], "22674T": ["21K", "21L", "22B", "22E", "23A", "22C", "22A", "22D", "23D", "22F", "23C", "rec", "23B", "23E", "23F"], "22679C": ["21K", "21L", "22B", "22E", "23A", "22C", "22A", "22D", "23D", "22F", "23C", "rec", "23B", "23E", "23F"], "22686T": ["21K", "21L", "22B", "22E", "23A", "22C", "22A", "22D", "23D", "22F", "23C", "rec", "23B", "23E", "23F"], "22688G": ["21L", "22B", "22E", "23A", "22C", "22A", "22D", "23D", "22F", "23C", "rec", "23B", "23E", "23F"], "22775A": ["21L", "22B", "22E", "23A", "22C", "22A", "22D", "23D", "22F", "23C", "rec", "23B", "23E", "23F"], "22786C": ["21L", "22B", "22E", "23A", "22C", "22A", "22D", "23D", "22F", "23C", "rec", "23B", "23E", "23F"], "22792T": ["21L", "21I"], "22801T": ["21J"], "22812C": ["20J"], "22813T": ["21L", "22B", "21K", "22E", "23A", "22C", "22A", "22D", "23D", "22F", "23C", "20H", "rec", "23B", "23E", "23F"], "22879A": ["20A"], "22882G": ["21K", "22B", "21L", "22E", "23A", "22C", "22A", "22D", "23D", "22F", "23C", "23B", "rec", "23E", "23F"], "22893C": ["22E", "23C"], "22895C": ["23A", "23D", "22F", "23B", "23E", "23F"], "22896C": ["23A", "23D", "22F", "23B", "23E", "23F"], "22898A": ["21K", "23A", "22D", "23D", "22F", "23C", "23B", "rec", "23E", "23F"], "22917A": ["22C", "21G"], "22917G": ["21J", "22B", "22E", "21I", "22A", "21A", "21C", "23C", "21B", "19B", "20D"], "22930A": ["23F"], "22942A": ["22E"], "22942G": ["23A", "22D", "23D", "22F", "23C", "23B", "rec", "23E", "23F"], "22992A": ["21K", "21L", "22B", "22E", "23A", "22C", "22A", "22D", "23D", "22F", "23C", "23B", "rec", "21F", "23E", "20F", "23F"], "22995A": ["21J", "21K", "21L", "22B", "22E", "21I", "23A", "22C", "22A", "22D", "21A", "23D", "22F", "23C", "rec", "23E", "23F"], "22995G": ["23B"], "23012A": ["20J", "20H", "21F", "21H", "21D", "21E"], "23012C": ["21B"], "23013C": ["21K", "21L", "22B", "22E", "23A", "22C", "22A", "22D", "23D", "22F", "23C", "23B", "rec", "23E", "23F"], "23018C": ["23A", "23D", "23B", "rec", "22F", "23E", "23F"], "23018G": ["22B", "22E", "22A"], "23019C": ["23A", "23D", "22F", "23C", "23B", "rec", "23E", "23F"], "23031C": ["23A", "23D", "22D", "22F", "23B", "23E", "rec", "21G", "23F"], "23040G": ["21K", "21L", "22C", "rec"], "23042C": ["20C"], "23048A": ["21K"], "23055G": ["21K", "21L", "22B", "22E", "23A", "22C", "22A", "22D", "23D", "22F", "23C", "23B", "rec", "23E", "23F"], "23063T": ["21K", "21L", "22B", "20I", "22E", "23A", "22C", "22A", "20J", "22D", "23D", "22F", "23C", "rec", "23B", "20H", "21H", "23E", "23F", "21E"], "23075C": ["21K", "21L", "22B", "22E", "23A", "22C", "22A", "22D", "23D", "22F", "23C", "rec", "23B", "23E", "23F"], "23123T": ["23E"], "23155C": ["21C"], "23202A": ["21K"], "23202T": ["23B"], "23271A": ["20I"], "23284C": ["21J"], "23341C": ["21E"], "23380T": ["20J"], "23401A": ["20F"], "23403G": ["21J", "21K", "21L", "22B", "20I", "20A", "22E", "23A", "21I", "22C", "20B", "22A", "20E", "20G", "20J", "22D", "21A", "23D", "22F", "21C", "23C", "rec", "23B", "21F", "20H", "21H", "23E", "20D", "20F", "20C", "21G", "21D", "21B", "23F", "19B", "21M", "21E"], "23525T": ["21K", "21L", "22B", "22E", "23A", "22C", "22A", "20J", "22D", "23D", "22F", "23C", "23B", "rec", "23E", "23F", "21M"], "23535G": ["22A"], "23593C": ["21D"], "23593T": ["20D"], "23599G": ["21K", "21L", "22B", "22E", "23A", "22C", "22A", "22D", "23D", "22F", "23C", "23B", "rec", "23E", "23F", "21M"], "23604A": ["21K", "21L", "22B", "20I", "22E", "23A", "22C", "22A", "22D", "23D", "22F", "23C", "rec", "23B", "21H", "23E", "20C", "23F", "21M", "21E"], "23604G": ["21J", "21I", "21A", "21B"], "23664T": ["20H", "21F"], "23673T": ["22C"], "23709T": ["20I", "20C"], "23731T": ["20D", "21G"], "23756G": ["20B"], "23854A": ["21K", "21L", "22B", "22E", "23A", "22C", "22A", "22D", "23D", "22F", "23C", "23B", "rec", "23E", "23F"], "23929T": ["19A"], "23948T": ["21K", "21L", "22B", "22E", "23A", "22C", "22A", "22D", "23D", "22F", "23C", "23B", "rec", "23E", "23F"], "24130A": ["21K"], "24130T": ["21J"], "24138A": ["21G"], "24187A": ["21E"], "24208T": ["21J"], "24224C": ["21D"], "24257T": ["20D"], "24334T": ["20E"], "24349C": ["21C"], "24410A": ["21J", "21I", "21A", "21H"], "24424T": ["21K", "21L", "22B", "22E", "23A", "22C", "22A", "22D", "23D", "22F", "23C", "23B", "rec", "23E", "23F", "21M"], "24432G": ["21F"], "24469A": ["21K", "21L", "22B", "22E", "23A", "22C", "22A", "22D", "23D", "22F", "23C", "23B", "rec", "23E", "23F", "21M"], "24503T": ["21K"], "24506G": ["20I"], "24620T": ["22B"], "24642T": ["20J"], "24697A": ["19B"], "24748T": ["21D"], "24775T": ["21B"], "24836A": ["21E"], "24863G": ["21B"], "24863T": ["21E"], "24872T": ["21J"], "24914C": ["20I"], "24928T": ["21J"], "24991A": ["23C"], "25000T": ["21K", "21L", "22B", "22E", "23A", "22C", "22A", "22D", "23D", "22F", "23C", "23B", "rec", "23E", "23F"], "25088T": ["20J", "21E"], "25339T": ["21J"], "25352T": ["21I"], "25416T": ["23A", "22C", "22D", "23D", "22F", "23C", "23B", "23E", "rec", "23F"], "25452G": ["21H"], "25469T": ["21J", "21I", "21A", "21B"], "25517T": ["21F"], "25563T": ["20A", "20G", "21C", "21F", "20H", "21H", "20C"], "25572T": ["23F"], "25584T": ["21K", "21L", "22B", "22E", "23A", "22C", "22A", "22D", "23D", "22F", "23C", "23B", "rec", "23E", "23F"], "25613T": ["19B"], "25614T": ["21J"], "25624T": ["21L"], "25708T": ["21K", "21H"], "25710T": ["20A"], "25720T": ["21G"], "25721T": ["23C"], "25785T": ["20I"], "25810T": ["21L"], "25904T": ["20H"], "25907T": ["20G"], "25968G": ["21F"], "25979T": ["19B"], "26060T": ["21L", "22B", "22E", "23A", "22C", "22A", "22D", "23D", "22F", "23C", "23B", "rec", "23E", "23F"], "26078T": ["22D"], "26107C": ["21J"], "26144T": ["19A"], "26149C": ["20J"], "26167T": ["21H"], "26270T": ["21K", "21L", "22B", "22E", "23A", "22C", "22A", "22D", "23D", "22F", "23C", "23B", "rec", "23E", "23F"], "26275G": ["23A", "22D", "23D", "22F", "23C", "23B", "23E", "rec", "23F"], "26305T": ["21D"], "26456T": ["20H"], "26459G": ["22D"], "26492T": ["21H"], "26529A": ["22B", "22E"], "26530G": ["21K"], "26577G": ["21K", "21L", "22B", "22E", "23A", "22C", "22A", "22D", "23D", "22F", "23C", "23B", "rec", "23E", "23F", "21M"], "26645T": ["20H"], "26681T": ["21C", "21B", "19B"], "26709A": ["21K", "21L", "22B", "22E", "23A", "22C", "22A", "22D", "23D", "22F", "23C", "23B", "rec", "23E", "23F", "21M"], "26735T": ["20A"], "26767C": ["21J", "21I", "21A", "21D", "20C", "20D"], "26767G": ["21B"], "26801G": ["20E"], "26858T": ["21L", "23A", "22C", "22A", "22D", "23D", "22F", "23C", "23B", "rec", "23E", "23F"], "26876C": ["20A"], "26894T": ["21G"], "27012T": ["22B"], "27038G": ["22B"], "27259C": ["21K", "21L", "23A", "22C", "22A", "22D", "23D", "22F", "23C", "23B", "rec", "23E", "23F", "21M"], "27291C": ["21J"], "27299C": ["21B"], "27345T": ["21I"], "27382C": ["21L", "23A", "22C", "22A", "22D", "23D", "22F", "23C", "23B", "rec", "23E", "23F"], "27383T": ["21L", "23A", "22C", "22A", "22D", "23D", "22F", "23C", "23B", "rec", "23E", "23F"], "27384C": ["21L", "23A", "22C", "22A", "22D", "23D", "22F", "23C", "23B", "rec", "23E", "23F"], "27431T": ["23E"], "27438C": ["22B"], "27507C": ["23D", "23F"], "27513T": ["22B"], "27527T": ["21J"], "27532T": ["22B"], "27576C": ["23C"], "27604A": ["21J"], "27638C": ["21J", "21I", "21A", "21B"], "27739T": ["21F"], "27752T": ["21J", "21I", "21A"], "27788T": ["22A"], "27807T": ["21K", "21L", "22B", "22E", "23A", "22C", "22A", "22D", "23D", "22F", "23C", "23B", "rec", "23E", "23F"], "27874T": ["21J"], "27882T": ["20D"], "27889T": ["22B", "22E"], "27890T": ["21C"], "27897C": ["21E"], "27915T": ["23A", "23D", "22F", "23B", "23F"], "27925A": ["21H"], "27925T": ["21F"], "27944T": ["20E"], "27964T": ["20G"], "27972T": ["20I"], "28005T": ["21H"], "28007C": ["21J"], "28044T": ["20C"], "28048T": ["20I"], "28073T": ["21J"], "28087T": ["21C"], "28093T": ["21H"], "28095T": ["20I"], "28099T": ["21B"], "28111G": ["20I"], "28144C": ["19B"], "28167A": ["20J"], "28170T": ["21J"], "28191T": ["21C"], "28253T": ["20H", "21G"], "28254C": ["20H"], "28271T": ["21K", "21L", "22B", "22E", "23A", "22C", "22A", "22D", "23D", "22F", "23C", "23B", "rec", "23E", "21G", "23F", "21M"], "28272T": ["21C", "21H", "19B"], "28280C": ["20I"], "28280T": ["21B"], "28281T": ["20I"], "28282A": ["20I"], "28297C": ["23D", "23B", "23F"], "28299T": ["21J"], "28308G": ["21D"], "28311T": ["21K", "21L", "22B", "22E", "23A", "22C", "22A", "22D", "23D", "22F", "23C", "23B", "rec", "23E", "21F", "21G", "23F", "21M"], "28312T": ["22E"], "28326T": ["21I"], "28330G": ["22B"], "28361T": ["22B"], "28371T": ["22B"], "28402G": ["22B"], "28432T": ["21J"], "28447G": ["23B"], "28461G": ["21J", "21I", "21A"], "28472T": ["20G"], "28512G": ["20J"], "28618A": ["21H"], "28628C": ["21G"], "28657T": ["19B"], "28681T": ["22E"], "28699G": ["21D"], "28724T": ["22A"], "28849T": ["21G"], "28854T": ["20A"], "28863T": ["19B"], "28869T": ["20G", "21F"], "28877T": ["20J"], "28878C": ["20J"], "28878A": ["19B"], "28879G": ["21F"], "28881A": ["21K", "21L", "22B", "20I", "22E", "23A", "22C", "20B", "22A", "20J", "22D", "23D", "22F", "23C", "23B", "rec", "23E", "20D", "20F", "21G", "23F", "21M", "21E"], "28881T": ["21J", "21I", "21A", "21B"], "28882A": ["21K", "21L", "22B", "20I", "22E", "23A", "22C", "20B", "22A", "20J", "22D", "23D", "22F", "23C", "23B", "rec", "23E", "20D", "20F", "21G", "23F", "21M", "21E"], "28883C": ["21K", "21L", "22B", "20I", "22E", "23A", "22C", "20B", "22A", "20J", "22D", "23D", "22F", "23C", "23B", "rec", "23E", "20D", "20F", "21G", "23F", "21M", "21E"], "28884C": ["20I"], "28887T": ["21C", "20H", "21H", "20C", "21D"], "28908T": ["20D"], "28913T": ["21G"], "28916T": ["21J"], "28932T": ["20E"], "28975A": ["21F"], "28975C": ["20A"], "28975T": ["21C"], "28977T": ["20I"], "29050A": ["21J"], "29253T": ["21J"], "29301G": ["21K"], "29311T": ["21G"], "29362T": ["21C"], "29366T": ["19B"], "29370T": ["21G"], "29386T": ["23B"], "29399A": ["20A"], "29402T": ["21J", "21I", "21A", "21B"], "29421T": ["19B"], "29445T": ["21E"], "29509T": ["21J"], "29510C": ["21L", "22B", "22E", "23A", "22C", "22A", "22D", "23D", "22F", "23C", "23B", "rec", "23E", "23F"], "29543T": ["21D"], "29614T": ["22B"], "29625T": ["23F"], "29632T": ["21K", "20D"], "29645T": ["20E"], "29666T": ["22B"], "29700G": ["21J"], "29706T": ["23E"], "29719T": ["20C"], "29724T": ["21E"], "29742T": ["21J", "21I", "21A", "21B"], "29742A": ["19B"], "29748C": ["21H"], "29779T": ["21H"], "29834A": ["20J"], "29870A": ["21C"]}, "nucMutLabelMapReverse": {"19A": ["2480G", "2558T", "6312A", "11083T", "13730T", "14805T", "17247C", "23929T", "26144T"], "19B": ["275T", "1567T", "4543T", "5234G", "5488G", "8782T", "9477A", "10029T", "11005A", "11230T", "12815T", "14805T", "16466T", "16857C", "17747T", "17858G", "18060T", "18417C", "22525G", "22917G", "23403G", "24697A", "25613T", "25979T", "26681T", "28144C", "28272T", "28657T", "28863T", "28878A", "29366T", "29421T", "29742A"], "20A": ["241T", "1059T", "3037T", "4543T", "5629T", "9526T", "11497T", "13993T", "14408T", "15766T", "16889G", "17019T", "17104T", "18877T", "20268G", "22879A", "23403G", "25563T", "25710T", "26735T", "26876C", "28854T", "28975C", "29399A"], "20B": ["241T", "313T", "3037T", "14408T", "19839C", "23403G", "23756G", "28881A", "28882A", "28883C"], "20C": ["241T", "1059T", "1180G", "3037T", "6730T", "6851C", "6936T", "9749G", "10029T", "11514T", "11804A", "14408T", "16375T", "20748C", "22032C", "23042C", "23403G", "23604A", "23709T", "25563T", "26767C", "28044T", "28887T", "29719T"], "20D": ["241T", "569A", "2841T", "3037T", "4002T", "5180A", "7124T", "9929A", "10097A", "11325T", "11337C", "12534T", "13536T", "14408T", "16549T", "17766T", "21597T", "22016A", "22600C", "22917G", "23403G", "23593T", "23731T", "24257T", "26767C", "27882T", "28881A", "28882A", "28883C", "28908T", "29632T"], "20E": ["204T", "222T", "241T", "445C", "3037T", "6286T", "14408T", "21255C", "21614T", "22227T", "23403G", "24334T", "26801G", "27944T", "28932T", "29645T"], "20F": ["241T", "1163T", "3037T", "7540C", "14408T", "16647T", "18555T", "22992A", "23401A", "23403G", "28881A", "28882A", "28883C"], "20G": ["241T", "1059T", "1927C", "3037T", "8083A", "10319T", "14408T", "14805T", "18424G", "21304T", "22255T", "23403G", "25563T", "25907T", "27964T", "28472T", "28869T"], "20H": ["174T", "241T", "1059T", "2692T", "3037T", "5100T", "5230T", "8052G", "10323G", "10396T", "14408T", "17999T", "21614T", "21801C", "22206G", "22813T", "23012A", "23063T", "23403G", "23664T", "25563T", "25904T", "26456T", "26645T", "28253T", "28254C", "28887T"], "20I": ["241T", "913T", "2110T", "2453T", "3037T", "3267T", "5388A", "5944T", "5986T", "6954C", "7042T", "12162G", "14120T", "14408T", "14676T", "15096C", "15279T", "16176C", "17615G", "23063T", "23271A", "23403G", "23604A", "23709T", "24506G", "24914C", "25785T", "27972T", "28048T", "28095T", "28111G", "28280C", "28281T", "28282A", "28881A", "28882A", "28883C", "28884C", "28977T"], "20J": ["241T", "733C", "2749T", "3037T", "3828T", "5648C", "6319G", "6613G", "9105A", "12778T", "13860T", "14408T", "17259T", "21614T", "21621A", "21638T", "21974T", "22132T", "22812C", "23012A", "23063T", "23380T", "23403G", "23525T", "24642T", "25088T", "26149C", "28167A", "28512G", "28877T", "28878C", "28881A", "28882A", "28883C", "29834A"], "21A": ["210T", "241T", "1191T", "1267T", "3037T", "5184T", "12946C", "14408T", "15451A", "16466T", "18176T", "21618G", "22917G", "22995A", "23403G", "23604G", "24410A", "25469T", "26767C", "27638C", "27752T", "28461G", "28881T", "29402T", "29742T"], "21B": ["210T", "241T", "3037T", "3457T", "4965T", "7165T", "11201G", "14408T", "16852T", "17523T", "19813T", "20396G", "20401G", "21846T", "21895C", "21987A", "22022A", "22917G", "23012C", "23403G", "23604G", "24775T", "24863G", "25469T", "26681T", "26767G", "27299C", "27638C", "28099T", "28280T", "28881T", "29402T", "29742T"], "21C": ["241T", "1059T", "2395T", "2597C", "3037T", "3817T", "8947T", "9738C", "12100T", "12878G", "13713A", "14408T", "16394T", "17014T", "21600T", "22018T", "22597T", "22917G", "23155C", "23403G", "24349C", "25563T", "26681T", "27890T", "28087T", "28191T", "28272T", "28887T", "28975T", "29362T", "29870A"], "21D": ["241T", "1498T", "1807G", "2536T", "2659A", "3037T", "5869T", "6285T", "8031G", "8593C", "9565T", "14407T", "14408T", "18171T", "20724G", "21137G", "21717G", "21762T", "23012A", "23403G", "23593C", "24224C", "24748T", "26305T", "26767C", "28308G", "28699G", "28887T", "29543T"], "21E": ["241T", "1752G", "2061T", "3037T", "4516C", "4926G", "7564A", "8139T", "9203A", "9867C", "11308A", "12049T", "12053T", "14408T", "17074T", "17339T", "18503G", "20244G", "21588T", "22356G", "23012A", "23063T", "23341C", "23403G", "23604A", "24187A", "24836A", "24863T", "25088T", "27897C", "28881A", "28882A", "28883C", "29445T", "29724T"], "21F": ["241T", "1059T", "3037T", "6101A", "7201G", "8809T", "9867C", "14408T", "16500C", "20262G", "21575T", "21846T", "22320G", "22992A", "23012A", "23403G", "23664T", "24432G", "25517T", "25563T", "25968G", "27739T", "27925T", "28311T", "28869T", "28879G", "28975A"], "21G": ["241T", "3037T", "4002T", "7124T", "7424G", "9857T", "9867C", "10029T", "10097A", "13536T", "14408T", "21786T", "21789T", "22917A", "23031C", "23403G", "23731T", "24138A", "25720T", "26894T", "28253T", "28271T", "28311T", "28628C", "28849T", "28881A", "28882A", "28883C", "28913T", "29311T", "29370T"], "21H": ["241T", "3037T", "3428G", "4878T", "5192T", "6037T", "6704G", "9120T", "10029T", "11451G", "13057T", "14408T", "15002G", "17019T", "17491T", "17707T", "18877T", "19035C", "20148T", "20402T", "21846T", "21993C", "21995A", "22384A", "22599A", "23012A", "23063T", "23403G", "23604A", "24410A", "25452G", "25563T", "25708T", "26167T", "26492T", "27925A", "28005T", "28093T", "28272T", "28618A", "28887T", "29748C", "29779T"], "21I": ["210T", "241T", "1684T", "1729A", "2911G", "3037T", "5164T", "5184T", "5584G", "9891T", "11418C", "11514T", "13019T", "14030A", "14408T", "15451A", "16466T", "18086T", "21618G", "21987A", "22227T", "22427A", "22792T", "22917G", "22995A", "23403G", "23604G", "24410A", "25352T", "25469T", "26767C", "27345T", "27638C", "27752T", "28326T", "28461G", "28881T", "29402T", "29742T"], "21J": ["210T", "241T", "526T", "1048T", "1820A", "2518T", "3037T", "3948G", "4181T", "4237C", "5239T", "5365T", "5514C", "6040T", "6402T", "6638T", "7124T", "7851T", "7926T", "8829T", "8835C", "8986T", "9053T", "9559T", "10029T", "10977T", "11201G", "11332G", "11456G", "11562T", "12801A", "14014G", "14408T", "15451A", "15521A", "15952A", "16466T", "16726T", "17040C", "17122T", "17236G", "18744T", "19006T", "19220T", "19524T", "20937T", "21137G", "21372T", "21618G", "21846T", "21897T", "21987A", "21995C", "22801T", "22917G", "22995A", "23284C", "23403G", "23604G", "24130T", "24208T", "24410A", "24872T", "24928T", "25339T", "25469T", "25614T", "26107C", "26767C", "27291C", "27527T", "27604A", "27638C", "27752T", "27874T", "28007C", "28073T", "28170T", "28299T", "28432T", "28461G", "28881T", "28916T", "29050A", "29253T", "29402T", "29509T", "29700G", "29742T"], "21K": ["241T", "2470T", "2832G", "3037T", "3241T", "5386G", "5515T", "5730T", "5924A", "7926T", "8393A", "10029T", "10135C", "10449A", "10560G", "11537G", "13195C", "14408T", "15240T", "16064G", "18163G", "21595T", "21762T", "21846T", "22194G", "22578A", "22599A", "22673C", "22674T", "22679C", "22686T", "22813T", "22882G", "22898A", "22992A", "22995A", "23013C", "23040G", "23048A", "23055G", "23063T", "23075C", "23202A", "23403G", "23525T", "23599G", "23604A", "23854A", "23948T", "24130A", "24424T", "24469A", "24503T", "25000T", "25584T", "25708T", "26270T", "26530G", "26577G", "26709A", "27259C", "27807T", "28271T", "28311T", "28881A", "28882A", "28883C", "29301G", "29632T"], "21L": ["241T", "670G", "2790T", "3037T", "4184A", "4321T", "8991T", "9344T", "9424G", "9534T", "9866T", "10029T", "10198T", "10447A", "10449A", "12880T", "14408T", "15714T", "17410T", "18163G", "19955T", "20055G", "21618T", "21987A", "22200G", "22578A", "22674T", "22679C", "22686T", "22688G", "22775A", "22786C", "22792T", "22813T", "22882G", "22992A", "22995A", "23013C", "23040G", "23055G", "23063T", "23075C", "23403G", "23525T", "23599G", "23604A", "23854A", "23948T", "24424T", "24469A", "25000T", "25584T", "25624T", "25810T", "26060T", "26270T", "26577G", "26709A", "26858T", "27259C", "27382C", "27383T", "27384C", "27807T", "28271T", "28311T", "28881A", "28882A", "28883C", "29510C"], "21M": ["241T", "3037T", "10029T", "10449A", "14408T", "23403G", "23525T", "23599G", "23604A", "24424T", "24469A", "26577G", "26709A", "27259C", "28271T", "28311T", "28881A", "28882A", "28883C"], "22A": ["241T", "670G", "2790T", "3037T", "4184A", "4321T", "8140T", "9344T", "9424G", "9534T", "10029T", "10198T", "10447A", "10449A", "12160A", "12880T", "14408T", "14599T", "15714T", "17410T", "18163G", "19955T", "20055G", "21570G", "21618T", "21987A", "22200G", "22578A", "22599C", "22674T", "22679C", "22686T", "22688G", "22775A", "22786C", "22813T", "22882G", "22917G", "22992A", "22995A", "23013C", "23018G", "23055G", "23063T", "23075C", "23403G", "23525T", "23535G", "23599G", "23604A", "23854A", "23948T", "24424T", "24469A", "25000T", "25584T", "26060T", "26270T", "26577G", "26709A", "26858T", "27259C", "27382C", "27383T", "27384C", "27788T", "27807T", "28271T", "28311T", "28724T", "28881A", "28882A", "28883C", "29510C"], "22B": ["241T", "670G", "1627T", "2790T", "3037T", "3859G", "4184A", "4321T", "5284T", "6979G", "7528T", "8882G", "9344T", "9424G", "9534T", "9967T", "10029T", "10198T", "10447A", "10449A", "12160A", "12310A", "12880T", "14408T", "15714T", "16616A", "17410T", "18163G", "19524T", "19955T", "20055G", "21618T", "21987A", "22200G", "22578A", "22674T", "22679C", "22686T", "22688G", "22775A", "22786C", "22813T", "22882G", "22917G", "22992A", "22995A", "23013C", "23018G", "23055G", "23063T", "23075C", "23403G", "23525T", "23599G", "23604A", "23854A", "23948T", "24424T", "24469A", "24620T", "25000T", "25584T", "26060T", "26270T", "26529A", "26577G", "26709A", "27012T", "27038G", "27438C", "27513T", "27532T", "27807T", "27889T", "28271T", "28311T", "28330G", "28361T", "28371T", "28402G", "28881A", "28882A", "28883C", "29510C", "29614T", "29666T"], "22C": ["241T", "670G", "2790T", "3037T", "4184A", "4321T", "9344T", "9424G", "9534T", "9866T", "10029T", "10198T", "10447A", "10449A", "11674T", "12880T", "14408T", "15009C", "15714T", "17410T", "18163G", "19955T", "20055G", "21618T", "21721T", "21987A", "22200G", "22578A", "22674T", "22679C", "22686T", "22688G", "22775A", "22786C", "22813T", "22882G", "22917A", "22992A", "22995A", "23013C", "23040G", "23055G", "23063T", "23075C", "23403G", "23525T", "23599G", "23604A", "23673T", "23854A", "23948T", "24424T", "24469A", "25000T", "25416T", "25584T", "26060T", "26270T", "26577G", "26709A", "26858T", "27259C", "27382C", "27383T", "27384C", "27807T", "28271T", "28311T", "28881A", "28882A", "28883C", "29510C"], "22D": ["241T", "593T", "670G", "2790T", "3037T", "3796T", "3927T", "4184A", "4321T", "4586T", "5183T", "9344T", "9424G", "9534T", "9866T", "10029T", "10198T", "10447A", "10449A", "11146T", "11515C", "12444G", "12880T", "14408T", "15451A", "15714T", "17410T", "18163G", "19955T", "20055G", "20235T", "21618T", "21987A", "22001G", "22016C", "22033A", "22190G", "22200G", "22331A", "22577C", "22578A", "22599C", "22629C", "22674T", "22679C", "22686T", "22688G", "22775A", "22786C", "22813T", "22882G", "22898A", "22942G", "22992A", "22995A", "23013C", "23031C", "23055G", "23063T", "23075C", "23403G", "23525T", "23599G", "23604A", "23854A", "23948T", "24424T", "24469A", "25000T", "25416T", "25584T", "26060T", "26078T", "26270T", "26275G", "26459G", "26577G", "26709A", "26858T", "27259C", "27382C", "27383T", "27384C", "27807T", "28271T", "28311T", "28881A", "28882A", "28883C", "29510C"], "22E": ["241T", "670G", "1931A", "2790T", "2954C", "3037T", "4184A", "4321T", "9344T", "9424G", "9534T", "10029T", "10198T", "10447A", "10449A", "11750T", "12160A", "12880T", "14257C", "14408T", "15714T", "16935A", "17039G", "17410T", "18163G", "19955T", "20055G", "21618T", "21987A", "22200G", "22578A", "22599C", "22674T", "22679C", "22686T", "22688G", "22775A", "22786C", "22813T", "22882G", "22893C", "22917G", "22942A", "22992A", "22995A", "23013C", "23018G", "23055G", "23063T", "23075C", "23403G", "23525T", "23599G", "23604A", "23854A", "23948T", "24424T", "24469A", "25000T", "25584T", "26060T", "26270T", "26529A", "26577G", "26709A", "27807T", "27889T", "28271T", "28311T", "28312T", "28681T", "28881A", "28882A", "28883C", "29510C"], "22F": ["241T", "405G", "670G", "2790T", "3037T", "4184A", "4321T", "9344T", "9424G", "9534T", "9866T", "10029T", "10198T", "10447A", "10449A", "12880T", "14408T", "15451A", "15714T", "15738T", "15939C", "16342C", "17410T", "17859C", "18163G", "19326G", "19955T", "20055G", "21618T", "21810C", "21987A", "22000A", "22109G", "22200A", "22317T", "22577C", "22578A", "22599C", "22664A", "22674T", "22679C", "22686T", "22688G", "22775A", "22786C", "22813T", "22882G", "22895C", "22896C", "22898A", "22942G", "22992A", "22995A", "23013C", "23018C", "23019C", "23031C", "23055G", "23063T", "23075C", "23403G", "23525T", "23599G", "23604A", "23854A", "23948T", "24424T", "24469A", "25000T", "25416T", "25584T", "26060T", "26270T", "26275G", "26577G", "26709A", "26858T", "27259C", "27382C", "27383T", "27384C", "27807T", "27915T", "28271T", "28311T", "28881A", "28882A", "28883C", "29510C"], "23A": ["241T", "405G", "670G", "2790T", "3037T", "4184A", "4321T", "9344T", "9424G", "9534T", "9866T", "10029T", "10198T", "10204C", "10447A", "10449A", "12880T", "14408T", "15451A", "15714T", "15738T", "15939C", "16342C", "17124C", "17410T", "17859C", "18163G", "19326G", "19955T", "20055G", "21618T", "21810C", "21987A", "22000A", "22109G", "22200A", "22317T", "22577C", "22578A", "22599C", "22664A", "22674T", "22679C", "22686T", "22688G", "22775A", "22786C", "22813T", "22882G", "22895C", "22896C", "22898A", "22942G", "22992A", "22995A", "23013C", "23018C", "23019C", "23031C", "23055G", "23063T", "23075C", "23403G", "23525T", "23599G", "23604A", "23854A", "23948T", "24424T", "24469A", "25000T", "25416T", "25584T", "26060T", "26270T", "26275G", "26577G", "26709A", "26858T", "27259C", "27382C", "27383T", "27384C", "27807T", "27915T", "28271T", "28311T", "28881A", "28882A", "28883C", "29510C"], "23B": ["241T", "405G", "670G", "2790T", "3037T", "4184A", "4321T", "9344T", "9424G", "9534T", "9866T", "10029T", "10198T", "10447A", "10449A", "11750T", "11956T", "12730A", "12880T", "14408T", "14856G", "15451A", "15714T", "15738T", "15939C", "16342C", "17410T", "17859C", "18163G", "18703T", "19326G", "19955T", "20055G", "21618T", "21810C", "21987A", "22000A", "22101T", "22109G", "22200A", "22317T", "22577C", "22578A", "22599C", "22664A", "22674T", "22679C", "22686T", "22688G", "22775A", "22786C", "22813T", "22882G", "22895C", "22896C", "22898A", "22942G", "22992A", "22995G", "23013C", "23018C", "23019C", "23031C", "23055G", "23063T", "23075C", "23202T", "23403G", "23525T", "23599G", "23604A", "23854A", "23948T", "24424T", "24469A", "25000T", "25416T", "25584T", "26060T", "26270T", "26275G", "26577G", "26709A", "26858T", "27259C", "27382C", "27383T", "27384C", "27807T", "27915T", "28271T", "28297C", "28311T", "28447G", "28881A", "28882A", "28883C", "29386T", "29510C"], "23C": ["193T", "241T", "670G", "1545T", "2790T", "3037T", "3796T", "3857A", "3927T", "4184A", "4321T", "4586T", "5183T", "9344T", "9424G", "9534T", "9866T", "10029T", "10198T", "10447A", "10449A", "12444G", "12880T", "14408T", "15451A", "15714T", "17410T", "18163G", "18583A", "19886G", "19955T", "20055G", "20741G", "21618T", "21811T", "21987A", "22001G", "22016C", "22033A", "22115G", "22190G", "22200G", "22331A", "22577C", "22578A", "22599C", "22674T", "22679C", "22686T", "22688G", "22775A", "22786C", "22813T", "22882G", "22893C", "22898A", "22917G", "22942G", "22992A", "22995A", "23013C", "23019C", "23055G", "23063T", "23075C", "23403G", "23525T", "23599G", "23604A", "23854A", "23948T", "24424T", "24469A", "24991A", "25000T", "25416T", "25584T", "25721T", "26060T", "26270T", "26275G", "26577G", "26709A", "26858T", "27259C", "27382C", "27383T", "27384C", "27576C", "27807T", "28271T", "28311T", "28881A", "28882A", "28883C", "29510C"], "23D": ["241T", "405G", "670G", "2790T", "3037T", "4184A", "4321T", "5720A", "9344T", "9424G", "9534T", "9866T", "10029T", "10198T", "10447A", "10449A", "11956T", "12789T", "12880T", "14408T", "15451A", "15714T", "15738T", "15939C", "16342C", "16878T", "17410T", "17859C", "18163G", "19326G", "19955T", "20055G", "21618T", "21810C", "21987A", "22000A", "22109G", "22200A", "22317T", "22577C", "22578A", "22599C", "22664A", "22674T", "22679C", "22686T", "22688G", "22775A", "22786C", "22813T", "22882G", "22895C", "22896C", "22898A", "22942G", "22992A", "22995A", "23013C", "23018C", "23019C", "23031C", "23055G", "23063T", "23075C", "23403G", "23525T", "23599G", "23604A", "23854A", "23948T", "24424T", "24469A", "25000T", "25416T", "25584T", "26060T", "26270T", "26275G", "26577G", "26709A", "26858T", "27259C", "27382C", "27383T", "27384C", "27507C", "27807T", "27915T", "28271T", "28297C", "28311T", "28881A", "28882A", "28883C", "29510C"], "23E": ["241T", "405G", "670G", "2790T", "3037T", "4184A", "4234T", "4321T", "6536A", "6740T", "9344T", "9424G", "9534T", "9866T", "10029T", "10198T", "10447A", "10449A", "12880T", "14408T", "15451A", "15714T", "15738T", "15939C", "17410T", "17859C", "18163G", "19326G", "19955T", "20055G", "21618T", "21810C", "21987A", "22000A", "22109G", "22113T", "22200A", "22320G", "22577C", "22578A", "22599C", "22664A", "22674T", "22679C", "22686T", "22688G", "22775A", "22786C", "22813T", "22882G", "22895C", "22896C", "22898A", "22942G", "22992A", "22995A", "23013C", "23018C", "23019C", "23031C", "23055G", "23063T", "23075C", "23123T", "23403G", "23525T", "23599G", "23604A", "23854A", "23948T", "24424T", "24469A", "25000T", "25416T", "25584T", "26060T", "26270T", "26275G", "26577G", "26709A", "26858T", "27259C", "27382C", "27383T", "27384C", "27431T", "27807T", "28271T", "28311T", "28881A", "28882A", "28883C", "29510C", "29706T"], "23F": ["241T", "405G", "670G", "2334T", "2790T", "3037T", "4184A", "4321T", "5720A", "6541T", "9344T", "9424G", "9534T", "9693T", "9866T", "10029T", "10198T", "10447A", "10449A", "12789T", "12880T", "13627A", "14408T", "15451A", "15714T", "15738T", "15939C", "16342C", "16878T", "17410T", "17859C", "18163G", "18492G", "19326G", "19955T", "20055G", "21618T", "21718T", "21810C", "21987A", "22000A", "22109G", "22200A", "22317T", "22480T", "22577C", "22578A", "22599C", "22664A", "22674T", "22679C", "22686T", "22688G", "22775A", "22786C", "22813T", "22882G", "22895C", "22896C", "22898A", "22930A", "22942G", "22992A", "22995A", "23013C", "23018C", "23019C", "23031C", "23055G", "23063T", "23075C", "23403G", "23525T", "23599G", "23604A", "23854A", "23948T", "24424T", "24469A", "25000T", "25416T", "25572T", "25584T", "26060T", "26270T", "26275G", "26577G", "26709A", "26858T", "27259C", "27382C", "27383T", "27384C", "27507C", "27807T", "27915T", "28271T", "28297C", "28311T", "28881A", "28882A", "28883C", "29510C", "29625T"], "rec": ["241T", "625T", "670G", "1627T", "2790T", "2832G", "3037T", "3339C", "4184A", "4321T", "6070T", "8692T", "9344T", "9424G", "9534T", "9866T", "10029T", "10198T", "10447A", "10449A", "12444G", "12880T", "14408T", "15451A", "15714T", "16466T", "17410T", "18163G", "18583A", "19955T", "20055G", "21618T", "21987A", "22001G", "22016C", "22033A", "22190G", "22200G", "22331A", "22577C", "22578A", "22599C", "22674T", "22679C", "22686T", "22688G", "22775A", "22786C", "22813T", "22882G", "22898A", "22942G", "22992A", "22995A", "23013C", "23018C", "23019C", "23031C", "23040G", "23055G", "23063T", "23075C", "23403G", "23525T", "23599G", "23604A", "23854A", "23948T", "24424T", "24469A", "25000T", "25416T", "25584T", "26060T", "26270T", "26275G", "26577G", "26709A", "26858T", "27259C", "27382C", "27383T", "27384C", "27807T", "28271T", "28311T", "28881A", "28882A", "28883C", "29510C"]}}