sample_id,sample,pangolin_lineage,nextclade_clade,fastqc_raw_reads_1,fastqc_raw_reads_2,depth_after_trimming,1X_coverage_after_trimming,num_pos_100X,insert_size_after_trimming,ivar_num_variants_identified,bcftools_variants_identified,bedtools_num_failed_amplicons,samtools_num_failed_amplicons,num_N,num_degenerage,num_non-ambiguous,num_total,cleaner_version,aligner_version,trimmer_version,ivar_version,nextclade_qc.overallScore,nextclade_qc.overallStatus,pangolin_conflict,pangolin_ambiguity_score,pangolin_scorpio_call,pangolin_scorpio_support,pangolin_scorpio_conflict,pangolin_scorpio_notes,pangolin_version,pangolin_pangolin_version,pangolin_scorpio_version,pangolin_constellation_version,pangolin_is_designated,pangolin_qc_status,pangolin_qc_notes,pangolin_note,freyja_summarized,freyja_lineages,freyja_abundances,freyja_resid,seqyclean_PairsKept,seqyclean_Perc_Kept
ERR5181310,ERR5181310,B.1.525,21D (Eta),912571,912571,10999.1,99.6154,29734,0,35,33,0,0,67,0,29732,29799,ivar : iVar version 1.3.1,bwa : Version: 0.7.17-r1188,seqyclean : Version: 1.10.09 (2018-10-16),iVar version 1.3.1,0.000000,good,0.0,,Eta (B.1.525-like),1.0,0.0,scorpio call: Alt alleles 16; Ref alleles 0; Amb alleles 0; Oth alleles 0,PANGO-v1.8,4.0.6,0.3.17,v0.1.10,True,pass,Ambiguous_content:0.02,Assigned from designation hash.,[('Eta'  0.9995440000019115)],['B.1.525'],[0.999544],6.0230211922291605,909776,99.6937
ERR5181360,ERR5181360,B.1.525,21D (Eta),1500457,1500457,17923,99.8361,29746,0,32,37,0,0,2195,0,27633,29828,ivar : iVar version 1.3.1,bwa : Version: 0.7.17-r1188,seqyclean : Version: 1.10.09 (2018-10-16),iVar version 1.3.1,49.259602,mediocre,0.0,,Eta (B.1.525-like),0.94,0.0,scorpio call: Alt alleles 15; Ref alleles 0; Amb alleles 1; Oth alleles 0,PUSHER-v1.8,4.0.6,0.3.17,v0.1.10,False,pass,Ambiguous_content:0.09,Usher placements: B.1.525(8/8),[('Eta'  0.9994976652554511)],['B.1.525'],[0.99949767],6.485208364316353,1492260,99.4537
ERR5405022,ERR5405022,B.1.1.7,20I (Alpha  V1),154545,154545,1236.53,99.7525,28291,0,35,41,0,0,1512,0,28300,29812,ivar : iVar version 1.3.1,bwa : Version: 0.7.17-r1188,seqyclean : Version: 1.10.09 (2018-10-16),iVar version 1.3.1,20.150123,good,0.0,,Alpha (B.1.1.7-like),0.96,0.04,scorpio call: Alt alleles 22; Ref alleles 1; Amb alleles 0; Oth alleles 0,PUSHER-v1.8,4.0.6,0.3.17,v0.1.10,False,pass,Ambiguous_content:0.07,Usher placements: B.1.1.7(1/1),[('Alpha'  0.9994305239977794)],['Q.1'],[0.99943052],6.23424681110291,151242,97.8628
ERR5556343,ERR5556343,P.1,20J (Gamma  V3),216817,216817,2590.21,99.6656,27915,0,32,37,0,0,1838,0,27964,29802,ivar : iVar version 1.3.1,bwa : Version: 0.7.17-r1188,seqyclean : Version: 1.10.09 (2018-10-16),iVar version 1.3.1,32.447791,mediocre,0.4,,Gamma (P.1-like),0.88,0.0,scorpio call: Alt alleles 14; Ref alleles 0; Amb alleles 0; Oth alleles 2,PUSHER-v1.8,4.0.6,0.3.17,v0.1.10,False,pass,Ambiguous_content:0.08,Usher placements: P.1(3/5) P.1.12(1/5) P.1.3(1/5),[('Gamma'  0.9997100609955514)],['P.1.12'],[0.99971006],1.5196978493856381,215689,99.4797
ERR5691945,ERR5691945,B.1.351,20H (Beta  V2),1735046,1735046,20605.5,99.9766,29569,0,23,29,0,1,7666,0,22215,29881,ivar : iVar version 1.3.1,bwa : Version: 0.7.17-r1188,seqyclean : Version: 1.10.09 (2018-10-16),iVar version 1.3.1,744.279232,bad,0.0,,Beta (B.1.351-like),0.79,0.0,scorpio call: Alt alleles 11; Ref alleles 0; Amb alleles 1; Oth alleles 2,PUSHER-v1.8,4.0.6,0.3.17,v0.1.10,False,pass,Ambiguous_content:0.27,Usher placements: B.1.351(2/2),[('Beta'  0.9987345108397899)],['B.1.351'],[0.99873451],5.557750812666864,1723717,99.347
ERR5743043,ERR5743043,B.1.617.2,21J (Delta),1890053,1890053,22727.6,99.99,29639,0,26,38,0,0,9105,0,20789,29894,ivar : iVar version 1.3.1,bwa : Version: 0.7.17-r1188,seqyclean : Version: 1.10.09 (2018-10-16),iVar version 1.3.1,1063.484568,bad,,,Delta (B.1.617.2-like),0.69,0.0,scorpio call: Alt alleles 9; Ref alleles 0; Amb alleles 4; Oth alleles 0,SCORPIO_v0.1.10,4.0.6,0.3.17,v0.1.10,False,fail,Ambiguous_content:0.32,scorpio called lineage B.1.617.2,[('Delta'  0.9894888314014936)],['AY.1' 'AY.46.1'],[0.98787827 0.00161056],2.342570902566065,1883051,99.6295
ERR5743893,ERR5743893,B.1.617.1,21B (Kappa),198314,198314,1821.9,98.8095,27600,0,23,30,1,1,2246,0,27626,29872,ivar : iVar version 1.3.1,bwa : Version: 0.7.17-r1188,seqyclean : Version: 1.10.09 (2018-10-16),iVar version 1.3.1,72.953666,mediocre,0.0,,B.1.617.1-like,1.0,0.0,scorpio call: Alt alleles 11; Ref alleles 0; Amb alleles 0; Oth alleles 0,PUSHER-v1.8,4.0.6,0.3.17,v0.1.10,False,pass,Ambiguous_content:0.08,Usher placements: B.1.617.1(4/4),[('Kappa'  0.9999999999997385)],['B.1.617.1'],[1.],1.198380375868782,166710,84.0637
ERR5749609,ERR5749609,B.1.617.2,21J (Delta),2323723,2323723,27728,99.9833,29729,0,26,29,0,0,10326,1,19567,29894,ivar : iVar version 1.3.1,bwa : Version: 0.7.17-r1188,seqyclean : Version: 1.10.09 (2018-10-16),iVar version 1.3.1,1379.884444,bad,,,Delta (B.1.617.2-like),0.69,0.0,scorpio call: Alt alleles 9; Ref alleles 0; Amb alleles 4; Oth alleles 0,SCORPIO_v0.1.10,4.0.6,0.3.17,v0.1.10,False,fail,Ambiguous_content:0.36,scorpio called lineage B.1.617.2,[('Delta'  0.990006062828753)],['AY.46' 'AY.46.1'],[0.98859024 0.00141582],2.50549594192071,2315943,99.6652
ERR5771988,ERR5771988,B.1.617.1,21B (Kappa),1111192,1111192,13336.6,99.7826,29512,0,28,30,1,1,2618,0,27253,29871,ivar : iVar version 1.3.1,bwa : Version: 0.7.17-r1188,seqyclean : Version: 1.10.09 (2018-10-16),iVar version 1.3.1,107.733182,bad,0.0,,B.1.617.1-like,0.91,0.0,scorpio call: Alt alleles 10; Ref alleles 0; Amb alleles 1; Oth alleles 0,PUSHER-v1.8,4.0.6,0.3.17,v0.1.10,False,pass,Ambiguous_content:0.1,Usher placements: B.1.617.1(1/1),[('Kappa'  0.9997299999981215)],['B.1.617.1'],[0.99973],1.1430132476192507,1107889,99.7028
SRR11494584,SRR11494584,B.4.5,19A,604651,604651,5163.91,99.7425,29782,0,5,5,0,0,44,0,29782,29826,ivar : iVar version 1.3.1,bwa : Version: 0.7.17-r1188,seqyclean : Version: 1.10.09 (2018-10-16),iVar version 1.3.1,0.000000,good,0.0,,,,,,PANGO-v1.8,4.0.6,0.3.17,v0.1.10,True,pass,Ambiguous_content:0.02,Assigned from designation hash.,[('Other'  0.9970961030090059)],['B.4.5'],[0.9970961],1.5129100209719262,598174,98.9288
SRR11577968,SRR11577968,B.1.320,20C,436687,436687,3908.91,99.7693,29624,0,7,7,0,0,207,0,29627,29834,ivar : iVar version 1.3.1,bwa : Version: 0.7.17-r1188,seqyclean : Version: 1.10.09 (2018-10-16),iVar version 1.3.1,0.000000,good,0.0,,,,,,PUSHER-v1.8,4.0.6,0.3.17,v0.1.10,False,pass,Ambiguous_content:0.02,Usher placements: B.1.320(1/1),[('Other'  0.992723891019766)],['B.1.320'],[0.99272389],0.6609690453040331,433315,99.2278
SRR11915959,SRR11915959,B.35,19A,553601,553601,4599.47,99.8529,28759,0,8,48,0,1,1105,5,28756,29866,ivar : iVar version 1.3.1,bwa : Version: 0.7.17-r1188,seqyclean : Version: 1.10.09 (2018-10-16),iVar version 1.3.1,33.889232,mediocre,0.0,,,,,,PUSHER-v1.8,4.0.6,0.3.17,v0.1.10,False,pass,Ambiguous_content:0.05,Usher placements: B.35(1/1),[('Other'  0.9868019551687629)],['B.35'],[0.98680196],8.133502169006327,542581,98.0094
SRR12162365,SRR12162365,B.1.1,20B,258545,258545,2036.28,99.6756,29564,0,9,9,0,0,242,0,29564,29806,ivar : iVar version 1.3.1,bwa : Version: 0.7.17-r1188,seqyclean : Version: 1.10.09 (2018-10-16),iVar version 1.3.1,0.000000,good,0.0,,,,,,PUSHER-v1.8,4.0.6,0.3.17,v0.1.10,False,pass,Ambiguous_content:0.02,Usher placements: B.1.1(1/1),[('Other'  0.9829944859999504)],['B.1.1.136' 'B.1.1.402' 'B.1.1.194' 'B.1.1.180' 'B.1.1.57' 'B.1.1.274'  'B.1.1.148' 'B.1.1.463' 'B.1.1.92'],[0.86641818 0.10617074 0.00277932 0.00157729 0.00143266 0.00129199  0.00121951 0.00107066 0.00103413],1.5339975645038009,244155,94.4342
SRR12192434,SRR12192434,B.1.336,20C,22164,22164,149.7,99.9599,25339,0,4,11,0,0,4352,0,25539,29891,ivar : iVar version 1.3.1,bwa : Version: 0.7.17-r1188,seqyclean : Version: 1.10.09 (2018-10-16),iVar version 1.3.1,225.222277,bad,0.0,,,,,,PUSHER-v1.8,4.0.6,0.3.17,v0.1.10,False,pass,Ambiguous_content:0.15,Usher placements: B.1.336(6/6),[('Other'  0.9999999999914736)],['B.1.336' 'B.1.333'],[0.994253 0.005747],1.449546776376567,18803,84.8358
SRR12212912,SRR12212912,B.1.112,20A,274115,274115,2458.45,99.893,29415,0,10,11,0,0,480,0,29423,29903,ivar : iVar version 1.3.1,bwa : Version: 0.7.17-r1188,seqyclean : Version: 1.10.09 (2018-10-16),iVar version 1.3.1,0.444444,good,0.0,,,,,,PUSHER-v1.8,4.0.6,0.3.17,v0.1.10,False,pass,Ambiguous_content:0.03,Usher placements: B.1.112(1/1),[('Other'  0.9974651030075826)],['B.1.112'],[0.9974651],0.6090439953290001,267908,97.7356
SRR12530461,SRR12530461,B.1.1,20B,584532,584532,4994.48,99.4649,27617,0,16,17,0,1,2247,0,27617,29864,ivar : iVar version 1.3.1,bwa : Version: 0.7.17-r1188,seqyclean : Version: 1.10.09 (2018-10-16),iVar version 1.3.1,52.000123,mediocre,0.0,,,,,,PUSHER-v1.8,4.0.6,0.3.17,v0.1.10,False,pass,Ambiguous_content:0.09,Usher placements: B.1.1(2/2),[('Other'  0.9703939810747845)],['B.1.1.213' 'B.1.1.402' 'B.1.1.174' 'B.1.1.274' 'B.1.1.192' 'B.1.1.283'  'B.1.1.89' 'B.1.1.194' 'B.1.1.43' 'B.1.533'],[0.91415241 0.02718763 0.00891243 0.00854701 0.00294768 0.00242256  0.00201342 0.00182306 0.00131349 0.0010743 ],3.577584903254084,575787,98.5039
SRR12661075,SRR12661075,B.1.452,20C,3399069,3399069,26574.4,100,29815,0,8,9,0,0,88,0,29815,29903,ivar : iVar version 1.3.1,bwa : Version: 0.7.17-r1188,seqyclean : Version: 1.10.09 (2018-10-16),iVar version 1.3.1,0.000000,good,0.0,,,,,,PANGO-v1.8,4.0.6,0.3.17,v0.1.10,True,pass,Ambiguous_content:0.02,Assigned from designation hash.,[('Other'  0.9865538134609476)],['B.1.452'],[0.98655381],0.5219594381346055,3018507,88.8039
SRR12733606,SRR12733606,B.1.390,20A,776002,776002,636.733,99.9799,29273,0,7,10,0,0,614,1,29282,29897,ivar : iVar version 1.3.1,bwa : Version: 0.7.17-r1188,seqyclean : Version: 1.10.09 (2018-10-16),iVar version 1.3.1,2.352483,good,0.0,,,,,,PUSHER-v1.8,4.0.6,0.3.17,v0.1.10,False,pass,Ambiguous_content:0.03,Usher placements: B.1.390(1/1),[('Other'  0.9985894800002555)],['B.1.390' 'B.1.557'],[0.997249   0.00134048],1.3111670291400404,653607,84.2275
SRR12751757,SRR12751757,D.2,20F,497470,497470,4292.07,97.5186,24044,0,14,28,0,3,5787,1,24061,29849,ivar : iVar version 1.3.1,bwa : Version: 0.7.17-r1188,seqyclean : Version: 1.10.09 (2018-10-16),iVar version 1.3.1,413.992716,bad,0.0,,,,,,PUSHER-v1.8,4.0.6,0.3.17,v0.1.10,False,pass,Ambiguous_content:0.2,Usher placements: D.2(13/13),[('Other'  0.999146999999873)],['D.2'],[0.999147],2.011929144853948,492069,98.9143
SRR12763543,SRR12763543,B.1.1.463,20B,1236202,1236202,9470.23,99.1941,27551,0,7,10,0,5,2340,0,27555,29895,ivar : iVar version 1.3.1,bwa : Version: 0.7.17-r1188,seqyclean : Version: 1.10.09 (2018-10-16),iVar version 1.3.1,57.086420,mediocre,0.0,,,,,,PUSHER-v1.8,4.0.6,0.3.17,v0.1.10,False,pass,Ambiguous_content:0.09,Usher placements: B.1.1.463(1/1),[('Other'  0.9808708089987518)],['B.1.1.463' 'B.1.1.71' 'B.1.1.231'],[0.97809008 0.00144988 0.00133085],0.6383475004073575,1093951,88.4929
SRR12774785,SRR12774785,B.1.287,20C,29696,29696,250.013,98.8663,24539,0,7,10,0,4,5293,1,24597,29891,ivar : iVar version 1.3.1,bwa : Version: 0.7.17-r1188,seqyclean : Version: 1.10.09 (2018-10-16),iVar version 1.3.1,342.975981,bad,0.0,,,,,,PUSHER-v1.8,4.0.6,0.3.17,v0.1.10,False,pass,Ambiguous_content:0.19,Usher placements: B.1.287(1/1),[('Other'  1.0000000000000215)],['B.1.287' 'B.1.319' 'B.1.324'],[0.993243   0.00505051 0.00170649],0.4394224647772782,27583,92.8846
SRR12833718,SRR12833718,B.1.1.174,20B,651160,651160,5205.77,97.211,27112,0,14,39,0,3,2433,8,27120,29561,ivar : iVar version 1.3.1,bwa : Version: 0.7.17-r1188,seqyclean : Version: 1.10.09 (2018-10-16),iVar version 1.3.1,127.972500,bad,0.0,,,,,,PUSHER-v1.8,4.0.6,0.3.17,v0.1.10,False,pass,Ambiguous_content:0.1,Usher placements: B.1.1.174(1/1),[('Other'  0.9986144471747955)],['B.1.1.174'],[0.99861445],2.5198505644603904,606671,93.1677
SRR12833927,SRR12833927,B.1.1.514,20B,1287220,1287220,10624,98.7493,29470,0,8,9,0,1,88,0,29473,29561,ivar : iVar version 1.3.1,bwa : Version: 0.7.17-r1188,seqyclean : Version: 1.10.09 (2018-10-16),iVar version 1.3.1,0.000000,good,0.0,,,,,,PUSHER-v1.8,4.0.6,0.3.17,v0.1.10,False,pass,Ambiguous_content:0.02,Usher placements: B.1.1.514(1/1),[('Other'  0.9956199999981679)],['B.1.1.514'],[0.99562],0.5887335846335993,1210340,94.0274
SRR12901576,SRR12901576,B.1,20C,363267,363267,3151.37,99.3914,28880,0,7,7,0,0,1012,0,28888,29900,ivar : iVar version 1.3.1,bwa : Version: 0.7.17-r1188,seqyclean : Version: 1.10.09 (2018-10-16),iVar version 1.3.1,6.953964,good,0.0,,,,,,PUSHER-v1.8,4.0.6,0.3.17,v0.1.10,False,pass,Ambiguous_content:0.05,Usher placements: B.1(1/1),[('Other'  0.9894937379980409)],['B.1.515' 'B.1.372' 'B.1.306' 'B.1.298'],[0.98271264 0.00309598 0.00262467 0.00106045],1.605234296209766,354907,97.6987
SRR13001544,SRR13001544,B.1.199,20A,152965,152965,1995.34,99.8796,29805,0,6,7,0,0,62,0,29805,29867,ivar : iVar version 1.3.1,bwa : Version: 0.7.17-r1188,seqyclean : Version: 1.10.09 (2018-10-16),iVar version 1.3.1,0.000000,good,0.0,,,,,,PANGO-v1.8,4.0.6,0.3.17,v0.1.10,True,pass,Ambiguous_content:0.02,Assigned from designation hash.,[('Other'  0.9887107280004006)],['B.1.199' 'B.1.378' 'B.1.545' 'B.1.393'],[0.98461941 0.00187441 0.00118064 0.00103627],0.7294932367468199,145024,94.8086
SRR13004400,SRR13004400,B.1.264,20C,34961,34961,478.153,99.7659,28339,0,7,7,0,0,1472,0,28361,29833,ivar : iVar version 1.3.1,bwa : Version: 0.7.17-r1188,seqyclean : Version: 1.10.09 (2018-10-16),iVar version 1.3.1,18.842030,good,0.0,,,,,,PUSHER-v1.8,4.0.6,0.3.17,v0.1.10,False,pass,Ambiguous_content:0.06,Usher placements: B.1.264(1/1),[('Other'  0.9995227099998779)],['B.1.264' 'B.1.320'],[0.998175   0.00134771],0.7449484252986486,32748,93.6701
SRR13062553,SRR13062553,B.1.265,20C,20718,20718,286.989,99.7759,27878,0,6,9,0,0,1934,0,27902,29836,ivar : iVar version 1.3.1,bwa : Version: 0.7.17-r1188,seqyclean : Version: 1.10.09 (2018-10-16),iVar version 1.3.1,36.624911,mediocre,0.0,,,,,,PUSHER-v1.8,4.0.6,0.3.17,v0.1.10,False,pass,Ambiguous_content:0.08,Usher placements: B.1.265(1/1),[('Other'  0.9999999999999897)],['B.1.265'],[1.],0.634246919461033,19623,94.7147
SRR13089080,SRR13089080,B.1.589,20C,37630,37630,381.88,99.7358,28855,0,9,9,0,0,900,0,28924,29824,ivar : iVar version 1.3.1,bwa : Version: 0.7.17-r1188,seqyclean : Version: 1.10.09 (2018-10-16),iVar version 1.3.1,4.938272,good,0.0,,,,,,PUSHER-v1.8,4.0.6,0.3.17,v0.1.10,False,pass,Ambiguous_content:0.05,Usher placements: B.1.589(1/1),[('Other'  1.0000000000006435)],['B.1.589' 'B.1.306' 'B.1.37' 'B.1.22' 'B.1.81' 'B.1.439'],[0.99215791 0.00246609 0.00161031 0.00156908 0.00110132 0.00109529],0.6837990260814789,26337,69.9894
SRR13126740,SRR13126740,B.1.384,20A,33706,33706,283.858,97.6257,21822,0,4,10,0,10,7916,0,21880,29796,ivar : iVar version 1.3.1,bwa : Version: 0.7.17-r1188,seqyclean : Version: 1.10.09 (2018-10-16),iVar version 1.3.1,795.657833,bad,0.125,,,,,,PUSHER-v1.8,4.0.6,0.3.17,v0.1.10,False,pass,Ambiguous_content:0.28,Usher placements: B.1(1/8) B.1.384(7/8),[('Other'  0.9999999999999798)],['B.1.384'],[1.],0.4250702074217659,31563,93.6421
SRR13129709,SRR13129709,D.3,20B,568486,568486,4611.04,99.8328,29547,0,14,14,0,0,304,0,29549,29853,ivar : iVar version 1.3.1,bwa : Version: 0.7.17-r1188,seqyclean : Version: 1.10.09 (2018-10-16),iVar version 1.3.1,0.000219,good,0.0,,,,,,PUSHER-v1.8,4.0.6,0.3.17,v0.1.10,False,pass,Ambiguous_content:0.02,Usher placements: D.3(1/1),[('Other'  0.9957973393754935)],['D.3'],[0.99579734],0.7540556101956113,555853,97.7778
SRR13193342,SRR13193342,B.1,20C,78530,78530,1060.37,99.7759,29310,0,10,12,0,0,509,0,29327,29836,ivar : iVar version 1.3.1,bwa : Version: 0.7.17-r1188,seqyclean : Version: 1.10.09 (2018-10-16),iVar version 1.3.1,0.599191,good,0.0,,,,,,PUSHER-v1.8,4.0.6,0.3.17,v0.1.10,False,pass,Ambiguous_content:0.03,Usher placements: B.1(1/1),[('Other'  0.9981853259988552)],['B.1.320'],[0.99818533],2.116845179402226,74227,94.5206
SRR13195052,SRR13195052,B.1.1.139,20B,416419,416419,3289.94,99.9732,29621,0,10,11,0,0,269,0,29633,29902,ivar : iVar version 1.3.1,bwa : Version: 0.7.17-r1188,seqyclean : Version: 1.10.09 (2018-10-16),iVar version 1.3.1,0.000000,good,0.0,,,,,,PUSHER-v1.8,4.0.6,0.3.17,v0.1.10,False,pass,Ambiguous_content:0.02,Usher placements: B.1.1.139(1/1),[('Other'  0.9981757570085352)],['B.1.1.139'],[0.99817576],0.9304229541818549,387426,93.0375
SRR13195265,SRR13195265,B.1.1.205,20B,1946500,1946500,7529.44,99.5954,29567,0,9,9,0,0,194,0,29588,29782,ivar : iVar version 1.3.1,bwa : Version: 0.7.17-r1188,seqyclean : Version: 1.10.09 (2018-10-16),iVar version 1.3.1,0.000000,good,0.0,,,,,,PUSHER-v1.8,4.0.6,0.3.17,v0.1.10,False,pass,Ambiguous_content:0.02,Usher placements: B.1.1.205(1/1),[('Other'  0.9879382599984355)],['B.1.1.205' 'B.1.1.197' 'B.1.1.92' 'B.1.1.71'],[0.982222   0.00250878 0.00175029 0.00145719],0.8927006760053333,1035164,53.1808
SRR13195337,SRR13195337,B.1.309,20C,2277602,2277602,9910.91,99.6489,29782,0,14,14,0,0,16,0,29782,29798,ivar : iVar version 1.3.1,bwa : Version: 0.7.17-r1188,seqyclean : Version: 1.10.09 (2018-10-16),iVar version 1.3.1,0.000000,good,0.0,,,,,,PANGO-v1.8,4.0.6,0.3.17,v0.1.10,True,pass,Ambiguous_content:0.02,Assigned from designation hash.,[('Other'  0.9903760000002543)],['B.1.309'],[0.990376],0.8957858223202387,1320912,57.9957
SRR13297853,SRR13297853,B.1.323,20C,372300,372300,4575,99.9197,29805,0,7,11,0,0,74,0,29805,29879,ivar : iVar version 1.3.1,bwa : Version: 0.7.17-r1188,seqyclean : Version: 1.10.09 (2018-10-16),iVar version 1.3.1,0.000000,good,0.0,,,,,,PANGO-v1.8,4.0.6,0.3.17,v0.1.10,True,pass,Ambiguous_content:0.02,Assigned from designation hash.,[('Other'  0.9941779379912073)],['B.1.323'],[0.99417794],0.5776928122749417,316829,85.1005
SRR13297857,SRR13297857,B.1.450,20C,51105,51105,372.05,99.6756,26404,0,4,7,0,0,3192,0,26614,29806,ivar : iVar version 1.3.1,bwa : Version: 0.7.17-r1188,seqyclean : Version: 1.10.09 (2018-10-16),iVar version 1.3.1,114.727901,bad,0.5,,,,,,PUSHER-v1.8,4.0.6,0.3.17,v0.1.10,False,pass,Ambiguous_content:0.12,Usher placements: B.1(1/2) B.1.450(1/2),[('Other'  0.9996290499951919)],['B.1.450' 'B.1.360' 'B.1.597' 'B.1.431' 'B.1.513' 'B.1.306' 'B.1.1.164'  'B.1.1.61' 'B.1.334' 'B.1.1.213' 'B.1.1.142' 'B.1.557' 'B.1.1.378'  'B.1.462' 'N.7' 'B.1.433'],[0.664336   0.29961458 0.00455581 0.00371747 0.0037037  0.00362319  0.00303951 0.00277008 0.0022779  0.00226757 0.00220264 0.0019305  0.00167159 0.00131579 0.00131406 0.00128866],1.082816574634727,25421,49.7427
SRR13358209,SRR13358209,B.1.1.440,20B,35450,35450,299.735,99.6455,25247,0,6,9,0,3,4476,0,25321,29797,ivar : iVar version 1.3.1,bwa : Version: 0.7.17-r1188,seqyclean : Version: 1.10.09 (2018-10-16),iVar version 1.3.1,239.217778,bad,0.0,,,,,,PUSHER-v1.8,4.0.6,0.3.17,v0.1.10,False,pass,Ambiguous_content:0.16,Usher placements: B.1.1.440(1/1),[('Other'  0.9999999999997261)],['B.1.1.440'],[1.],0.37655257754829174,32711,92.2736
SRR13373851,SRR13373851,B.1.492,20C,184210,184210,1553.81,99.6455,29661,0,8,9,0,0,129,0,29668,29797,ivar : iVar version 1.3.1,bwa : Version: 0.7.17-r1188,seqyclean : Version: 1.10.09 (2018-10-16),iVar version 1.3.1,0.000000,good,0.0,,,,,,PUSHER-v1.8,4.0.6,0.3.17,v0.1.10,False,pass,Ambiguous_content:0.02,Usher placements: B.1.492(1/1),[('Other'  0.9992850000000023)],['B.1.492'],[0.999285],1.1520581202898874,169443,91.9836
SRR13422799,SRR13422799,B.1.429,21C (Epsilon),76082,76082,954.433,99.8462,29253,0,31,31,0,1,638,0,29253,29891,ivar : iVar version 1.3.1,bwa : Version: 0.7.17-r1188,seqyclean : Version: 1.10.09 (2018-10-16),iVar version 1.3.1,5.907411,good,0.0,,Epsilon (B.1.429-like),1.0,0.0,scorpio call: Alt alleles 14; Ref alleles 0; Amb alleles 0; Oth alleles 0,PUSHER-v1.8,4.0.6,0.3.17,v0.1.10,False,pass,Ambiguous_content:0.03,Usher placements: B.1.429(1/1),[('Epsilon'  0.9988139999990485)],['B.1.429'],[0.998814],9.506507932009322,72210,94.9108
SRR13422802,SRR13422802,B.1.427,21C (Epsilon),146635,146635,1865.65,99.3445,29363,0,19,19,0,0,443,0,29363,29806,ivar : iVar version 1.3.1,bwa : Version: 0.7.17-r1188,seqyclean : Version: 1.10.09 (2018-10-16),iVar version 1.3.1,0.280508,good,0.0,,Epsilon (B.1.427-like),0.92,0.0,scorpio call: Alt alleles 12; Ref alleles 0; Amb alleles 1; Oth alleles 0,PUSHER-v1.8,4.0.6,0.3.17,v0.1.10,False,pass,Ambiguous_content:0.03,Usher placements: B.1.427(1/1),[('Epsilon'  0.998269999996965)],['B.1.427'],[0.99827],2.5932039829313354,139244,94.9596
SRR13433883,SRR13433883,B.1.258.23,20A,106223,106223,892.565,99.8662,28371,0,25,27,0,3,1515,0,28378,29893,ivar : iVar version 1.3.1,bwa : Version: 0.7.17-r1188,seqyclean : Version: 1.10.09 (2018-10-16),iVar version 1.3.1,64.694444,mediocre,0.0,,,,,,PUSHER-v1.8,4.0.6,0.3.17,v0.1.10,False,pass,Ambiguous_content:0.06,Usher placements: B.1.258.23(1/1),[('Other'  0.9999999999999977)],['B.1.258.23'],[1.],0.4943510022446659,103545,97.4789
SRR13486908,SRR13486908,B.1.385,20A,3297513,3297513,14336,100,29869,0,17,17,0,0,34,0,29869,29903,ivar : iVar version 1.3.1,bwa : Version: 0.7.17-r1188,seqyclean : Version: 1.10.09 (2018-10-16),iVar version 1.3.1,6.250000,good,0.0,,,,,,PANGO-v1.8,4.0.6,0.3.17,v0.1.10,True,pass,Ambiguous_content:0.02,Assigned from designation hash.,[('Other'  0.9984620435063583)],['B.1.385'],[0.99846204],3.620952693076005,3038569,92.1473
SRR13500958,SRR13500958,P.2,20B,73899,73899,964.395,99.7659,28015,0,22,23,0,0,1797,0,28036,29833,ivar : iVar version 1.3.1,bwa : Version: 0.7.17-r1188,seqyclean : Version: 1.10.09 (2018-10-16),iVar version 1.3.1,30.740864,mediocre,0.0,,Zeta (P.2-like),0.86,0.14,scorpio call: Alt alleles 6; Ref alleles 1; Amb alleles 0; Oth alleles 0,PUSHER-v1.8,4.0.6,0.3.17,v0.1.10,False,pass,Ambiguous_content:0.08,Usher placements: P.2(1/1),[('Zeta'  0.9999999999989699)],['P.2'],[1.],2.2156887583671367,69791,94.4411
SRR13511054,SRR13511054,B.1.526,21F (Iota),102908,102908,1368.17,99.7693,29795,0,22,22,0,0,29,0,29795,29824,ivar : iVar version 1.3.1,bwa : Version: 0.7.17-r1188,seqyclean : Version: 1.10.09 (2018-10-16),iVar version 1.3.1,0.000000,good,0.0,,Iota (B.1.526-like),0.83,0.17,scorpio call: Alt alleles 19; Ref alleles 4; Amb alleles 0; Oth alleles 0,PUSHER-v1.8,4.0.6,0.3.17,v0.1.10,False,pass,Ambiguous_content:0.02,Usher placements: B.1.526(5/5),[('Iota'  0.998442000000223)],['B.1.526'],[0.998442],2.4611501180739337,98829,96.0363
SRR13526755,SRR13526755,B.1.1.418,20B,1068040,1068040,8293.36,99.8997,29782,0,18,18,0,0,91,0,29782,29873,ivar : iVar version 1.3.1,bwa : Version: 0.7.17-r1188,seqyclean : Version: 1.10.09 (2018-10-16),iVar version 1.3.1,0.000000,good,0.0,,,,,,PUSHER-v1.8,4.0.6,0.3.17,v0.1.10,False,pass,Ambiguous_content:0.02,Usher placements: B.1.1.418(1/1),[('Other'  0.9987200000023091)],['B.1.1.418'],[0.99872],0.6667989871522338,968596,90.6891
SRR13527262,SRR13527262,B.1.1.450,20B,209689,209689,1687.27,97.4016,24644,0,11,15,1,6,5232,0,24667,29899,ivar : iVar version 1.3.1,bwa : Version: 0.7.17-r1188,seqyclean : Version: 1.10.09 (2018-10-16),iVar version 1.3.1,333.671111,bad,0.0,,,,,,PUSHER-v1.8,4.0.6,0.3.17,v0.1.10,False,pass,Ambiguous_content:0.19,Usher placements: B.1.1.450(1/1),[('Other'  0.997939853000267)],['B.1.1.450'],[0.99793985],0.44492039882487977,193935,92.487
SRR13574337,SRR13574337,B.1.375,20C,1245538,1245538,1554.99,99.9933,29827,0,15,16,0,0,71,0,29826,29897,ivar : iVar version 1.3.1,bwa : Version: 0.7.17-r1188,seqyclean : Version: 1.10.09 (2018-10-16),iVar version 1.3.1,0.000000,good,0.0,,,,,,PANGO-v1.8,4.0.6,0.3.17,v0.1.10,True,pass,Ambiguous_content:0.02,Assigned from designation hash.,[('Other'  0.9974950820017968)],['B.1.375' 'B.1.306'],[0.996375   0.00112008],1.5318447613638648,1053080,84.5482
SRR13603869,SRR13603869,B.1.427,21C (Epsilon),35473,35473,316.52,98.3982,24179,0,14,22,1,5,5657,0,24192,29849,ivar : iVar version 1.3.1,bwa : Version: 0.7.17-r1188,seqyclean : Version: 1.10.09 (2018-10-16),iVar version 1.3.1,393.654993,bad,0.0,,Epsilon (B.1.427-like),0.62,0.0,scorpio call: Alt alleles 8; Ref alleles 0; Amb alleles 5; Oth alleles 0,PUSHER-v1.8,4.0.6,0.3.17,v0.1.10,False,pass,Ambiguous_content:0.2,Usher placements: B.1.427(13/13),[('Epsilon'  0.9999999999999837)],['B.1.427'],[1.],2.1333243393292336,33496,94.4267
SRR13606410,SRR13606410,P.2,20B,92107,92107,1219.75,99.7358,29805,0,20,20,0,0,19,0,29805,29824,ivar : iVar version 1.3.1,bwa : Version: 0.7.17-r1188,seqyclean : Version: 1.10.09 (2018-10-16),iVar version 1.3.1,0.000000,good,0.0,,Zeta (P.2-like),0.86,0.14,scorpio call: Alt alleles 6; Ref alleles 1; Amb alleles 0; Oth alleles 0,PANGO-v1.8,4.0.6,0.3.17,v0.1.10,True,pass,Ambiguous_content:0.02,Assigned from designation hash.,[('Zeta'  0.9987559999999484)],['P.2'],[0.998756],2.281432791659655,87333,94.8169
SRR13668148,SRR13668148,B.1.570,20C,200629,200629,1492.37,98.9901,23317,0,10,13,0,0,6548,0,23346,29894,ivar : iVar version 1.3.1,bwa : Version: 0.7.17-r1188,seqyclean : Version: 1.10.09 (2018-10-16),iVar version 1.3.1,535.493882,bad,0.0,,,,,,PUSHER-v1.8,4.0.6,0.3.17,v0.1.10,False,pass,Ambiguous_content:0.22,Usher placements: B.1.570(1/1),[('Other'  0.9982710000000012)],['B.1.570'],[0.998271],0.40891938275289097,161505,80.4993
SRR13687078,SRR13687078,B.1.1.362,20B,33826,33826,296.485,99.5118,26782,0,9,11,0,1,3068,0,26828,29896,ivar : iVar version 1.3.1,bwa : Version: 0.7.17-r1188,seqyclean : Version: 1.10.09 (2018-10-16),iVar version 1.3.1,105.100466,bad,0.0,,,,,,PUSHER-v1.8,4.0.6,0.3.17,v0.1.10,False,pass,Ambiguous_content:0.11,Usher placements: B.1.1.362(1/1),[('Other'  0.999999999999946)],['B.1.1.362'],[1.],1.2781016034105142,31549,93.2685
SRR13689874,SRR13689874,B.1.1.512,20B,301254,301254,2601.95,99.8896,29512,0,27,30,0,0,389,0,29513,29902,ivar : iVar version 1.3.1,bwa : Version: 0.7.17-r1188,seqyclean : Version: 1.10.09 (2018-10-16),iVar version 1.3.1,21.115600,good,0.0,,,,,,PUSHER-v1.8,4.0.6,0.3.17,v0.1.10,False,pass,Ambiguous_content:0.03,Usher placements: B.1.1.512(1/1),[('Other'  0.9984619999996437)],['B.1.1.512'],[0.998462],5.739059699133654,291105,96.6311
SRR13690003,SRR13690003,B.1.2,20G,753605,753605,6275.35,99.9632,29597,0,18,45,0,0,296,7,29590,29893,ivar : iVar version 1.3.1,bwa : Version: 0.7.17-r1188,seqyclean : Version: 1.10.09 (2018-10-16),iVar version 1.3.1,53.340278,mediocre,0.0,,,,,,PUSHER-v1.8,4.0.6,0.3.17,v0.1.10,False,pass,Ambiguous_content:0.02,Usher placements: B.1.2(3/3),[('Other'  0.8977417300595328)  ('Epsilon'  0.09303430966351274)],['B.1.2' 'B.1.550' 'B.1.427'],[0.67683973 0.220902   0.09303431],5.808671478208372,706369,93.732
SRR13690340,SRR13690340,B.1.232,20A,333889,333889,2691.74,100,29576,0,18,38,0,0,327,1,29575,29903,ivar : iVar version 1.3.1,bwa : Version: 0.7.17-r1188,seqyclean : Version: 1.10.09 (2018-10-16),iVar version 1.3.1,7.260000,good,0.0,,,,,,PUSHER-v1.8,4.0.6,0.3.17,v0.1.10,False,pass,Ambiguous_content:0.02,Usher placements: B.1.232(1/1),[('Other'  0.9943996580042727)],['B.1.232' 'B.1.2' 'B.1.383' 'B.1.382'],[0.720549   0.27023337 0.00258953 0.00102775],2.5862526843447418,301041,90.162
SRR14241199,SRR14241199,B.1.526,21F (Iota),222498,222498,2842.08,99.9164,28449,0,25,28,0,0,1423,0,28449,29872,ivar : iVar version 1.3.1,bwa : Version: 0.7.17-r1188,seqyclean : Version: 1.10.09 (2018-10-16),iVar version 1.3.1,17.299438,good,0.0,,Iota (B.1.526-like),0.83,0.17,scorpio call: Alt alleles 19; Ref alleles 4; Amb alleles 0; Oth alleles 0,PUSHER-v1.8,4.0.6,0.3.17,v0.1.10,False,pass,Ambiguous_content:0.06,Usher placements: B.1.526(1/1),[('Iota'  0.9996070000009828)],['B.1.526'],[0.999607],3.8198925520490183,200666,90.1878
SRR16298157,SRR16298157,Unassigned,,1691,1691,0,0,0,0,0,0,98,98,0,0,0,0,ivar : iVar version 1.3.1,bwa : Version: 0.7.17-r1188,seqyclean : Version: 1.10.09 (2018-10-16),iVar version 1.3.1,,,,,,,,,PUSHER-v1.8,4.0.6,0.3.17,v0.1.10,False,fail,failed to map,,,,,,48,2.83856
SRR16298158,SRR16298158,Unassigned,20A,300310,300310,755.487,40.4541,5484,0,8,16,68,71,24379,1,5483,29863,ivar : iVar version 1.3.1,bwa : Version: 0.7.17-r1188,seqyclean : Version: 1.10.09 (2018-10-16),iVar version 1.3.1,8012.149139,bad,,,,,,,PUSHER-v1.8,4.0.6,0.3.17,v0.1.10,False,fail,Ambiguous_content:0.82,,[('Other'  0.9975843876897825)],['B.1.177.33' 'B.1.601'],[0.99657633 0.00100806],2.2757488290680765,268801,89.5078
SRR16298159,SRR16298159,Unassigned,,27131,27131,0.253821,15.266,0,0,0,5,98,98,29069,0,0,29069,ivar : iVar version 1.3.1,bwa : Version: 0.7.17-r1188,seqyclean : Version: 1.10.09 (2018-10-16),iVar version 1.3.1,,,,,,,,,PUSHER-v1.8,4.0.6,0.3.17,v0.1.10,False,fail,failed to map,,[('Other'  0.9978354978326749)  ('Zeta'  0.002164502164496045)],['AZ.4' 'B.1.1.174' 'B.1.1.129' 'B.1.1.57' 'B.1.1.10' 'B.1.1.398'  'B.1.1.441' 'B.1.1.447' 'B.1.1.175' 'B.1.1.376' 'B.1.1.203' 'B.1.1.500'  'B.1.1.275' 'B.1.267' 'B.1.315' 'B.1.115' 'B.1.323' 'B.1.294' 'B.1.564'  'B.1.413' 'B.1.264' 'B.1.321' 'B.1.166' 'B.1.319' 'B.1.513' 'B.1.520'  'B.1.344' 'B.1.1.185' 'B.1.1.402' 'B.1.320' 'B.1.1.169' 'B.1.1.192'  'B.1.1.34' 'B.1.1.254' 'B.1.1.166' 'B.1.1.274' 'B.1.1.83' 'B.1.1.372'  'B.1.1.33' 'B.1.1.43' 'B.1.1.122' 'B.1.1.164' 'B.1.1.200' 'B.1.1.137'  'B.1.173' 'B.1.1.134' 'B.1.1.118' 'B.1.1.148' 'B.1.1.12' 'B.1.1.168'  'B.1.1.26' 'B.1.1.485' 'B.1.1.25' 'B.1.1.378' 'B.1.1.440' 'B.1.1.438'  'B.1.510' 'B.1.485' 'B.1.1.189' 'B.1.530' 'B.1.1.75' 'B.1.1.5'  'B.1.1.222' 'B.1.1.317' 'B.1.1.220' 'B.1.1.158' 'B.1.1.464' 'B.1.1.8'  'B.1.1.423' 'B.1.1.17' 'B.1.1.257' 'B.1.1.323' 'B.1.1.458' 'B.1.1.63'  'B.1.1.45' 'B.1.1.14' 'B.1.1.384' 'B.1.1.130' 'B.1.1.261' 'B.1.1.241'  'B.1.1.253' 'B.1.1.82' 'B.1.1.204' 'B.1.1.133' 'B.1.1.115' 'B.1.1.404'  'B.1.232' 'B.1.324' 'B.1.235' 'B.1.572' 'B.1.268' 'B.1.487' 'B.1.108'  'B.1.489' 'B.1.39' 'B.1.329' 'B.1.330' 'B.1.333' 'B.1.431' 'B.1.511'  'B.1.483' 'B.1.479' 'B.1.13' 'B.1.274' 'B.1.277' 'B.1.273' 'B.1.478'  'B.1.139' 'B.1.565' 'B.1.210' 'B.1.408' 'B.1.407' 'B.1.551' 'B.1.402'  'B.1.1.205' 'B.1.1.71' 'AZ.3' 'B.3.1' 'B.60' 'B.39' 'B.35' 'B.6.6'  'B.1.67' 'B.1.76' 'B.1.215' 'B.1.8' 'B.1.81' 'B.1.201' 'B.1.395'  'B.1.383' 'B.1.142' 'B.1.145' 'B.1.143' 'B.1.78' 'B.1.195' 'B.1.134'  'B.1.545' 'B.1.378' 'B.1.199' 'B.1.91' 'B.1.179' 'B.1.70' 'B.1.377' 'B.1'  'B.34' 'B.1.194' 'B.32' 'B.15' 'B.20' 'B.1.14' 'B.27' 'B.55' 'B.26'  'B.23' 'B.6' 'B.47' 'B.57' 'B.11' 'B.10' 'B.42' 'B.45' 'B.12' 'B.28'  'B.61' 'B.33' 'B.41' 'B.29' 'B.3' 'B.30' 'B.31' 'B.40' 'B.37' 'B.1.187'  'B.1.543' 'B.1.1.142' 'B.1.248' 'B.1.250' 'B.1.1' 'B.1.382' 'B.1.219'  'B.1.96' 'B.1.153' 'B.1.393' 'B.1.416' 'B.1.233' 'B.1.229' 'B.1.556'  'B.1.381' 'B.1.243' 'B.1.239' 'B.1.397' 'B.1.400' 'B.1.238' 'B.1.558'  'B.1.399' 'B.1.401' 'B.1.240' 'B.1.249' 'B.1.254' 'B.1.252' 'B.1.1.92'  'B.1.251' 'B.1.104' 'B.58' 'B.1.391' 'B.43' 'B.1.103' 'B.1.178' 'B.1.147'  'B.1.213' 'B.1.6' 'B.1.151' 'B.1.208' 'B.1.218' 'B.1.205' 'B.1.35'  'B.1.23' 'B.1.198' 'B.1.390' 'B.1.106' 'B.1.379' 'B.1.182' 'B.1.180'  'B.1.223' 'B.1.225' 'B.1.420' 'B.1.181' 'B.1.418' 'B.1.415' 'B.1.559'  'B.1.1.41' 'B.1.1.231' 'B.1.1.310' 'B.1.164' 'B.1.466' 'B.1.456' 'B.1.36'  'B.1.184' 'B.1.627' 'B.1.398' 'B.1.1.4' 'B.1.1.216' 'B.1.1.29' 'P.7'  'AH.1' 'AH.2' 'B.1.1.467' 'B.1.1.294' 'B.1.1.344' 'B.1.1.482' 'B.1.1.322'  'B.1.428.1' 'B.1.428.2' 'B.1.165' 'B.1.521' 'B.1.435' 'B.1.433' 'B.1.9'  'B.1.443' 'B.1.170' 'B.1.162' 'B.1.36.24' 'B.1.245' 'B.1.1.308'  'B.1.1.311' 'B.1.1.16' 'B.1.1.239' 'B.1.1.89' 'B.1.1.315' 'B.1.533'  'B.1.1.136' 'B.1.1.13' 'L.2' 'B.1.1.214' 'B.1.1.226' 'B.1.1.363'  'B.1.1.373' 'B.1.494' 'B.1.571' 'B.1.120' 'B.1.579' 'B.1.314' 'B.1.448'  'B.1.596.1' 'B.1.112' 'B.1.439' 'B.1.161' 'B.1.124' 'B.1.36.7'  'B.1.36.35' 'B.1.1.107' 'B.1.428.3' 'B.1.441' 'B.1.385' 'B.1.9.1'  'B.1.9.2' 'B.1.9.4' 'B.1.9.5' 'B.1.36.34' 'B.1.36.12' 'B.1.221'  'B.1.1.348' 'C.23' 'C.36' 'B.1.1.375' 'M.2' 'B.1.1.236' 'AF.1' 'B.1.389'  'B.1.1.290' 'B.1.400.1' 'B.1.1.277' 'B.1.1.303' 'B.1.562' 'B.1.221.1'  'B.1.1.318' 'XB' 'B.1.570' 'B.1.564.1' 'B.1.36.8' 'L.4' 'B.1.36.16'  'B.1.36.1' 'B.1.469' 'B.1.214.3' 'B.1.409' 'B.1.1.523' 'P.6' 'P.2' 'C.35'  'C.13' 'C.12' 'C.27' 'C.25' 'C.3' 'C.14' 'C.1' 'C.4' 'C.32' 'C.2'  'B.1.1.269' 'B.1.1.190' 'B.1.1.207' 'B.1.1.161' 'D.4' 'B.1.1.44'  'B.1.1.159' 'B.1.1.97' 'AN.1' 'B.1.1.210' 'B.1.1.305' 'B.1.1.49'  'B.1.1.51' 'B.1.1.98' 'B.1.1.379' 'B.1.1.360' 'B.1.1.237' 'B.1.1.365'  'B.1.1.408' 'B.1.359' 'B.1.493' 'B.1.3' 'B.1.309' 'B.1.496' 'B.1.369'  'B.1.287' 'B.1.428' 'B.1.515' 'B.1.298' 'B.1.366' 'B.1.304' 'B.1.264.1'  'B.1.606' 'B.1.452' 'B.1.355' 'B.1.1.48' 'B.1.1.162' 'B.1.1.61'  'B.1.1.285' 'B.1.1.307' 'B.1.1.116' 'B.1.1.67' 'D.3' 'B.1.1.217'  'B.1.1.141' 'B.1.1.506' 'B.1.1.46' 'B.1.1.132' 'B.1.1.416' 'B.1.1.266'  'B.1.1.228' 'B.1.1.58' 'B.1.1.325' 'B.1.1.380' 'B.1.1.362' 'B.1.1.244'  'B.1.1.177' 'B.1.1.359' 'B.1.1.263' 'B.1.1.461' 'B.1.1.381' 'B.1.1.262'  'B.1.1.213' 'B.1.1.113' 'B.1.337' 'B.1.168' 'B.1.335' 'B.1.451' 'B.1.97'  'B.1.1.291' 'B.1.416.1' 'B.1.610' 'B.1.241' 'B.1.405' 'B.1.1.289'  'B.1.1.459' 'B.1.1.77' 'B.1.1.521' 'B.1.1.368' 'B.1.1.326' 'B.1.1.125'  'B.1.1.194' 'B.1.1.138' 'B.1.1.38' 'B.1.1.208' 'B.1.1.128' 'B.1.1.55'  'B.1.1.186' 'B.1.1.1' 'B.59' 'N.4' 'N.3' 'N.1' 'B.1.159' 'B.1.281'  'B.1.462' 'B.1.22' 'B.1.334' 'B.1.310' 'B.1.586' 'B.1.424' 'B.1.450'  'B.1.301' 'B.1.265' 'B.1.336' 'B.1.370' 'B.1.590' 'B.1.116' 'B.1.332'  'B.1.471' 'B.1.293' 'B.1.342' 'B.1.607' 'B.1.372' 'B.1.12' 'B.1.356'  'B.1.340' 'B.1.492' 'B.1.465' 'B.1.470' 'B.1.523' 'B'],[0.0021645 0.0021645 0.0021645 0.0021645 0.0021645 0.0021645 0.0021645  0.0021645 0.0021645 0.0021645 0.0021645 0.0021645 0.0021645 0.0021645  0.0021645 0.0021645 0.0021645 0.0021645 0.0021645 0.0021645 0.0021645  0.0021645 0.0021645 0.0021645 0.0021645 0.0021645 0.0021645 0.0021645  0.0021645 0.0021645 0.0021645 0.0021645 0.0021645 0.0021645 0.0021645  0.0021645 0.0021645 0.0021645 0.0021645 0.0021645 0.0021645 0.0021645  0.0021645 0.0021645 0.0021645 0.0021645 0.0021645 0.0021645 0.0021645  0.0021645 0.0021645 0.0021645 0.0021645 0.0021645 0.0021645 0.0021645  0.0021645 0.0021645 0.0021645 0.0021645 0.0021645 0.0021645 0.0021645  0.0021645 0.0021645 0.0021645 0.0021645 0.0021645 0.0021645 0.0021645  0.0021645 0.0021645 0.0021645 0.0021645 0.0021645 0.0021645 0.0021645  0.0021645 0.0021645 0.0021645 0.0021645 0.0021645 0.0021645 0.0021645  0.0021645 0.0021645 0.0021645 0.0021645 0.0021645 0.0021645 0.0021645  0.0021645 0.0021645 0.0021645 0.0021645 0.0021645 0.0021645 0.0021645  0.0021645 0.0021645 0.0021645 0.0021645 0.0021645 0.0021645 0.0021645  0.0021645 0.0021645 0.0021645 0.0021645 0.0021645 0.0021645 0.0021645  0.0021645 0.0021645 0.0021645 0.0021645 0.0021645 0.0021645 0.0021645  0.0021645 0.0021645 0.0021645 0.0021645 0.0021645 0.0021645 0.0021645  0.0021645 0.0021645 0.0021645 0.0021645 0.0021645 0.0021645 0.0021645  0.0021645 0.0021645 0.0021645 0.0021645 0.0021645 0.0021645 0.0021645  0.0021645 0.0021645 0.0021645 0.0021645 0.0021645 0.0021645 0.0021645  0.0021645 0.0021645 0.0021645 0.0021645 0.0021645 0.0021645 0.0021645  0.0021645 0.0021645 0.0021645 0.0021645 0.0021645 0.0021645 0.0021645  0.0021645 0.0021645 0.0021645 0.0021645 0.0021645 0.0021645 0.0021645  0.0021645 0.0021645 0.0021645 0.0021645 0.0021645 0.0021645 0.0021645  0.0021645 0.0021645 0.0021645 0.0021645 0.0021645 0.0021645 0.0021645  0.0021645 0.0021645 0.0021645 0.0021645 0.0021645 0.0021645 0.0021645  0.0021645 0.0021645 0.0021645 0.0021645 0.0021645 0.0021645 0.0021645  0.0021645 0.0021645 0.0021645 0.0021645 0.0021645 0.0021645 0.0021645  0.0021645 0.0021645 0.0021645 0.0021645 0.0021645 0.0021645 0.0021645  0.0021645 0.0021645 0.0021645 0.0021645 0.0021645 0.0021645 0.0021645  0.0021645 0.0021645 0.0021645 0.0021645 0.0021645 0.0021645 0.0021645  0.0021645 0.0021645 0.0021645 0.0021645 0.0021645 0.0021645 0.0021645  0.0021645 0.0021645 0.0021645 0.0021645 0.0021645 0.0021645 0.0021645  0.0021645 0.0021645 0.0021645 0.0021645 0.0021645 0.0021645 0.0021645  0.0021645 0.0021645 0.0021645 0.0021645 0.0021645 0.0021645 0.0021645  0.0021645 0.0021645 0.0021645 0.0021645 0.0021645 0.0021645 0.0021645  0.0021645 0.0021645 0.0021645 0.0021645 0.0021645 0.0021645 0.0021645  0.0021645 0.0021645 0.0021645 0.0021645 0.0021645 0.0021645 0.0021645  0.0021645 0.0021645 0.0021645 0.0021645 0.0021645 0.0021645 0.0021645  0.0021645 0.0021645 0.0021645 0.0021645 0.0021645 0.0021645 0.0021645  0.0021645 0.0021645 0.0021645 0.0021645 0.0021645 0.0021645 0.0021645  0.0021645 0.0021645 0.0021645 0.0021645 0.0021645 0.0021645 0.0021645  0.0021645 0.0021645 0.0021645 0.0021645 0.0021645 0.0021645 0.0021645  0.0021645 0.0021645 0.0021645 0.0021645 0.0021645 0.0021645 0.0021645  0.0021645 0.0021645 0.0021645 0.0021645 0.0021645 0.0021645 0.0021645  0.0021645 0.0021645 0.0021645 0.0021645 0.0021645 0.0021645 0.0021645  0.0021645 0.0021645 0.0021645 0.0021645 0.0021645 0.0021645 0.0021645  0.0021645 0.0021645 0.0021645 0.0021645 0.0021645 0.0021645 0.0021645  0.0021645 0.0021645 0.0021645 0.0021645 0.0021645 0.0021645 0.0021645  0.0021645 0.0021645 0.0021645 0.0021645 0.0021645 0.0021645 0.0021645  0.0021645 0.0021645 0.0021645 0.0021645 0.0021645 0.0021645 0.0021645  0.0021645 0.0021645 0.0021645 0.0021645 0.0021645 0.0021645 0.0021645  0.0021645 0.0021645 0.0021645 0.0021645 0.0021645 0.0021645 0.0021645  0.0021645 0.0021645 0.0021645 0.0021645 0.0021645 0.0021645 0.0021645  0.0021645 0.0021645 0.0021645 0.0021645 0.0021645 0.0021645 0.0021645  0.0021645 0.0021645 0.0021645 0.0021645 0.0021645 0.0021645 0.0021645  0.0021645 0.0021645 0.0021645 0.0021645 0.0021645 0.0021645 0.0021645  0.0021645 0.0021645 0.0021645 0.0021645 0.0021645 0.0021645 0.0021645  0.0021645 0.0021645 0.0021645 0.0021645 0.0021645 0.0021645 0.0021645  0.0021645 0.0021645 0.0021645 0.0021645 0.0021645 0.0021645 0.0021645  0.0021645 0.0021645 0.0021645 0.0021645 0.0021645 0.0021645 0.0021645  0.0021645 0.0021645 0.0021645 0.0021645 0.0021645 0.0021645 0.0021645  0.0021645 0.0021645 0.0021645 0.0021645 0.0021645 0.0021645 0.0021645  0.0021645 0.0021645 0.0021645 0.0021645 0.0021645 0.0021645 0.0021645  0.0021645 0.0021645 0.0021645 0.0021645 0.0021645 0.0021645 0.0021645],0.6309297535733255,21036,77.5349
SRR16298160,SRR16298160,Unassigned,20A,14341,14341,108.457,95.7295,11093,0,5,20,8,38,18527,0,11177,29704,ivar : iVar version 1.3.1,bwa : Version: 0.7.17-r1188,seqyclean : Version: 1.10.09 (2018-10-16),iVar version 1.3.1,4557.250055,bad,,,,,,,PUSHER-v1.8,4.0.6,0.3.17,v0.1.10,False,fail,Ambiguous_content:0.63,,[('Other'  0.9999999999986925)],['B.1.243'],[1.],1.4061221334758691,13508,94.1915
SRR16298161,SRR16298161,Unassigned,20C,188463,188463,822.63,66.5351,12630,0,12,20,26,39,16440,0,12636,29076,ivar : iVar version 1.3.1,bwa : Version: 0.7.17-r1188,seqyclean : Version: 1.10.09 (2018-10-16),iVar version 1.3.1,3631.195216,bad,,,,,,,PUSHER-v1.8,4.0.6,0.3.17,v0.1.10,False,fail,Ambiguous_content:0.58,,[('Other'  0.9993582950550222)],['B.1.2'],[0.9993583],1.984753715213297,164636,87.3572
SRR16298162,SRR16298162,Unassigned,,15303,15303,15.7096,99.1707,0,0,0,64,3,92,29782,0,0,29782,ivar : iVar version 1.3.1,bwa : Version: 0.7.17-r1188,seqyclean : Version: 1.10.09 (2018-10-16),iVar version 1.3.1,,,,,,,,,PUSHER-v1.8,4.0.6,0.3.17,v0.1.10,False,fail,failed to map,,[('Other'  0.9999999999707732)],['B.1.400.1' 'B' 'B.1' 'B.1.399'],[0.352941 0.333333 0.254902 0.058824],4.4173170009420994,3518,22.989
SRR16298163,SRR16298163,Unassigned,,162,162,0.970204,40.3739,0,0,0,43,98,98,29677,0,0,29677,ivar : iVar version 1.3.1,bwa : Version: 0.7.17-r1188,seqyclean : Version: 1.10.09 (2018-10-16),iVar version 1.3.1,,,,,,,,,PUSHER-v1.8,4.0.6,0.3.17,v0.1.10,False,fail,failed to map,,[('Other'  0.9999999999986484)],['B.1.36.38' 'B.1.320' 'B.1.431' 'B.1.39' 'B.1.489' 'B.1.302' 'B.1.453'  'B.1.572' 'B.1.324' 'B.1.510' 'B.1.570' 'B.1.344' 'B.1.520' 'B.1.513'  'B.1.319' 'B.1.321' 'B.1.413' 'B.1.294' 'B.1.437' 'B.1.428' 'B.1.298'  'B.1.304' 'B.1.428.3' 'B.1.428.1' 'B.1.491' 'B.1.44' 'B.1.314' 'B.1.576'  'B.1.533' 'B.1.40' 'B.1.340' 'B.1.582' 'B.1.349' 'B.1.22' 'B.1.586'  'B.1.362' 'B.1.334' 'B.1.267'],[0.03656824 0.0260387  0.0260387  0.0260387  0.0260387  0.0260387  0.0260387  0.0260387  0.0260387  0.0260387  0.0260387  0.0260387  0.0260387  0.0260387  0.0260387  0.0260387  0.0260387  0.0260387  0.0260387  0.0260387  0.0260387  0.0260387  0.0260387  0.0260387  0.0260387  0.0260387  0.0260387  0.0260387  0.0260387  0.0260387  0.0260387  0.0260387  0.0260387  0.0260387  0.0260387  0.0260387  0.0260387  0.0260387 ],2.493450309757139,136,83.9506
SRR16298164,SRR16298164,Unassigned,,37159,37159,0.0650102,4.07651,0,0,0,3,98,98,29849,0,0,29849,ivar : iVar version 1.3.1,bwa : Version: 0.7.17-r1188,seqyclean : Version: 1.10.09 (2018-10-16),iVar version 1.3.1,,,,,,,,,PUSHER-v1.8,4.0.6,0.3.17,v0.1.10,False,fail,failed to map,,,,,,36931,99.3864
SRR16298165,SRR16298165,Unassigned,19B,533855,533855,3900.34,43.3134,10764,0,6,14,48,46,16112,0,10770,26882,ivar : iVar version 1.3.1,bwa : Version: 0.7.17-r1188,seqyclean : Version: 1.10.09 (2018-10-16),iVar version 1.3.1,3429.620631,bad,,,,,,,PUSHER-v1.8,4.0.6,0.3.17,v0.1.10,False,fail,Ambiguous_content:0.64,,[('Other'  0.9903667149857094)],['B.1.1.348'],[0.99036671],2.8796572563497858,499859,93.632
SRR16298166,SRR16298166,Unassigned,,6343,6343,0.00344447,0.344447,0,0,0,0,98,98,7101,0,0,7101,ivar : iVar version 1.3.1,bwa : Version: 0.7.17-r1188,seqyclean : Version: 1.10.09 (2018-10-16),iVar version 1.3.1,,,,,,,,,PUSHER-v1.8,4.0.6,0.3.17,v0.1.10,False,fail,failed to map,,[],[],[],4.1425812798300395e-13,69,1.08781
SRR16298167,SRR16298167,Unassigned,,1330,1330,0.0167207,1.21393,0,0,0,0,98,98,363,0,0,363,ivar : iVar version 1.3.1,bwa : Version: 0.7.17-r1188,seqyclean : Version: 1.10.09 (2018-10-16),iVar version 1.3.1,,,,,,,,,PUSHER-v1.8,4.0.6,0.3.17,v0.1.10,False,fail,failed to map,,[],[],[],6.666422494759199e-12,96,7.21805
SRR16298168,SRR16298168,A,19B,331747,331747,2780.74,98.8229,28845,0,3,7,1,1,942,0,28855,29797,ivar : iVar version 1.3.1,bwa : Version: 0.7.17-r1188,seqyclean : Version: 1.10.09 (2018-10-16),iVar version 1.3.1,5.653827,good,0.0,,,,,,PUSHER-v1.8,4.0.6,0.3.17,v0.1.10,False,pass,Ambiguous_content:0.05,Usher placements: A(1/1),[('A'  0.9987218409994785)],['A'],[0.99872184],1.308255849188803,299640,90.3218
SRR16298169,SRR16298169,Unassigned,19B,223543,223543,1460.08,91.7968,19275,0,3,14,5,14,10413,1,19312,29726,ivar : iVar version 1.3.1,bwa : Version: 0.7.17-r1188,seqyclean : Version: 1.10.09 (2018-10-16),iVar version 1.3.1,1403.918642,bad,,,,,,,PUSHER-v1.8,4.0.6,0.3.17,v0.1.10,False,fail,Ambiguous_content:0.36,,[('A'  0.9988582479988226)],['A'],[0.99885825],1.9567600856205867,207555,92.8479
SRR16298170,SRR16298170,A,19B,606680,606680,4298.65,89.0279,24881,0,3,6,2,2,4931,0,24881,29812,ivar : iVar version 1.3.1,bwa : Version: 0.7.17-r1188,seqyclean : Version: 1.10.09 (2018-10-16),iVar version 1.3.1,294.186022,bad,0.0,,,,,,PUSHER-v1.8,4.0.6,0.3.17,v0.1.10,False,pass,Ambiguous_content:0.18,Usher placements: A(1/1),[('A'  0.9924741169995949)  ('Other'  0.005412719992833232)],['A' 'B.23'],[0.99247412 0.00541272],1.5447446235311508,554256,91.3589
SRR16298171,SRR16298171,B.1,20C,356628,356628,2481.3,94.0006,25675,0,33,39,2,4,4177,2,25700,29879,ivar : iVar version 1.3.1,bwa : Version: 0.7.17-r1188,seqyclean : Version: 1.10.09 (2018-10-16),iVar version 1.3.1,864.528604,bad,0.0,,,,,,PUSHER-v1.8,4.0.6,0.3.17,v0.1.10,False,pass,Ambiguous_content:0.15,Usher placements: B.1(2/2),[('Other'  0.9782430294139861)],['B.1.344' 'B.1.355' 'B.1.360' 'B.1.167' 'B.1.453'],[0.97280162 0.00178253 0.0013541  0.00130378 0.001001  ],8.903653341053312,326814,91.64
SRR16298172,SRR16298172,Unassigned,19A,2604,2604,20.6813,99.7826,211,0,0,12,2,86,29617,0,221,29838,ivar : iVar version 1.3.1,bwa : Version: 0.7.17-r1188,seqyclean : Version: 1.10.09 (2018-10-16),iVar version 1.3.1,11789.938121,bad,,,,,,,PUSHER-v1.8,4.0.6,0.3.17,v0.1.10,False,fail,Ambiguous_content:0.99,,[('Other'  0.9999999999997088)],['B'],[1.],1.5916110395553489,2452,94.1628
SRR16298173,SRR16298173,B,19A,138431,138431,993.646,93.4455,25104,0,0,4,1,1,4733,1,25104,29838,ivar : iVar version 1.3.1,bwa : Version: 0.7.17-r1188,seqyclean : Version: 1.10.09 (2018-10-16),iVar version 1.3.1,270.567750,bad,0.5,,,,,,PUSHER-v1.8,4.0.6,0.3.17,v0.1.10,False,pass,Ambiguous_content:0.17,Usher placements: B(2/4) B.51(1/4) B.6(1/4),[('Other'  0.9982667019940928)],['B' 'B.10' 'B.57' 'B.11'],[0.99311365 0.00300752 0.0010929  0.00105263],0.4794874213620607,125512,90.6676
SRR16298174,SRR16298174,Unassigned,,148231,148231,0.360766,19.2355,0,0,0,12,98,98,29440,0,0,29440,ivar : iVar version 1.3.1,bwa : Version: 0.7.17-r1188,seqyclean : Version: 1.10.09 (2018-10-16),iVar version 1.3.1,,,,,,,,,PUSHER-v1.8,4.0.6,0.3.17,v0.1.10,False,fail,failed to map,,[('Other'  0.8936170212649831)  ('A'  0.10638297872328144)],['B' 'B.41' 'B.18' 'B.3' 'B.30' 'B.40' 'B.37' 'B.32' 'B.34' 'B.3.1' 'A.2'  'B.60' 'B.39' 'B.35' 'A.5' 'B.43' 'A.24' 'A.26' 'A.25' 'A.2.3' 'A.11'  'A.21' 'A.19' 'B.29' 'B.58' 'B.33' 'B.52' 'B.26' 'B.61' 'B.27' 'B.1.14'  'B.20' 'B.15' 'B.19' 'B.1.1.161' 'B.6' 'B.47' 'B.23' 'B.57' 'B.12' 'B.28'  'B.51' 'B.13' 'A' 'B.45' 'B.42' 'B.10' 'B.1.1.306' 'B.1.1.447'  'B.1.1.175' 'B.1.1.172' 'B.1.1.376' 'B.1.1.203' 'B.1.1.500' 'B.1.1.121'  'B.1.1.364' 'B.1.1.187' 'B.1.1.441' 'B.1.1.122' 'B.1.1.398' 'B.1.1.164'  'B.1.1.137' 'B.1.1.134' 'B.1.1.59' 'B.1.1.367' 'B.1.1.118' 'B.1.1.148'  'B.1.1.26' 'B.1.1.485' 'B.1.1.25' 'B.1.1.440' 'B.1.1.463' 'B.1.1.129'  'B.1.1.57' 'B.1.1.10' 'B.1.1.378' 'B.1.350' 'B.1.267' 'B.1.108' 'B.1.39'  'B.1.329' 'B.1.330' 'B.1.333' 'B.1.431' 'B.1.483' 'B.1.479' 'B.1.37'  'B.1.13' 'B.1.274' 'B.1.277' 'B.1.210' 'B.1.214' 'B.1.231' 'B.1.408'  'B.1.489' 'B.1.487' 'B.1.115' 'B.1.1.33' 'B.1.323' 'B.1.38' 'B.1.413'  'B.1.360' 'B.1.321' 'B.1.166' 'B.1.319' 'B.1.513' 'B.1.520' 'B.1.510'  'B.1.320' 'B.1.324' 'B.1.453' 'B.1.302' 'B.1.167' 'B.1.1.43' 'B.1.96'  'B.1.1.180' 'B.1.205' 'B.1.543' 'B.1.220' 'B.1.178' 'B.1.213' 'B.1.6'  'B.1.151' 'B.1.35' 'B.1.1.274' 'B.1.384' 'B.1.23' 'B.1.198' 'B.1.93'  'B.1.69' 'B.1.206' 'B.1.137' 'B.1.194' 'B.1.70' 'B.1.199' 'B.1.545'  'B.1.78' 'B.1.145' 'B.1.142' 'B.1.383' 'B.1.395' 'B.1.201' 'B.1.81'  'B.1.8' 'B.1.215' 'B.1.76' 'B.1.67' 'B.1' 'B.1.222' 'B.1.379' 'B.1.182'  'B.1.229' 'B.1.1.166' 'B.1.1.34' 'B.1.1.192' 'B.1.1.205' 'B.1.1.189'  'B.1.1.71' 'B.1.1.142' 'B.1.1.95' 'B.1.401' 'B.1.399' 'B.1.558' 'B.1.238'  'B.1.397' 'B.1.239' 'B.1.233' 'B.1.180' 'B.1.416' 'B.1.600' 'B.1.546'  'B.1.393' 'B.1.153' 'B.1.551' 'B.1.382' 'B.1.1' 'B.1.415' 'B.1.181'  'B.1.420' 'B.1.609' 'B.1.225' 'B.1.223' 'B.1.407' 'B.1.1.219' 'B.1.402'  'B.1.1.13' 'B.1.1.194' 'B.1.1.38' 'B.1.1.208' 'B.1.1.165' 'B.59' 'N.4'  'N.3' 'N.1' 'N.2' 'N.6' 'N.9' 'B.1.1.61' 'B.1.1.256' 'B.1.1.86'  'B.1.1.308' 'B.1.1.239' 'B.1.1.89' 'B.1.533' 'B.1.1.354' 'B.1.1.125'  'B.1.1.326' 'B.1.1.368' 'B.1.597' 'B.1.332' 'B.1.293' 'B.1.342' 'B.1.372'  'B.1.12' 'B.1.356' 'B.1.340' 'B.1.40' 'B.1.492' 'B.1.554' 'B.1.276'  'B.1.524' 'B.1.97' 'B.1.416.1' 'B.1.403' 'B.1.610' 'B.1.241' 'B.1.405'  'B.1.1.432' 'L.2' 'B.1.1.236' 'B.1.1.209' 'B.1.1.243' 'B.1.1.482'  'B.1.574' 'B.1.165' 'B.1.521' 'B.1.435' 'B.1.605' 'B.1.409' 'B.1.1.269'  'B.1.1.190' 'B.1.1.227' 'B.1.532' 'B.1.1.207' 'D.4' 'B.1.1.453' 'AV.1'  'B.1.1.44' 'B.1.445' 'B.1.375' 'B.1.1.351' 'B.1.1.182' 'D.5' 'B.1.314'  'B.1.1.50' 'B.1.1.226' 'B.1.1.139' 'B.1.1.428' 'AE.1' 'AE.6' 'B.1.548'  'B.1.576' 'B.1.346' 'N.8' 'B.1.426' 'B.1.448' 'B.1.596.1' 'B.1.578'  'B.1.1.171' 'B.1.1.216' 'B.1.1.170' 'N.5' 'B.1.22' 'B.1.116' 'B.1.370'  'B.1.336' 'B.1.1.356' 'B.1.1.107' 'B.1.1.307' 'B.1.1.300' 'B.1.1.514'  'B.1.1.301' 'B.1.1.70' 'B.1.1.116' 'B.1.1.67' 'D.3' 'B.1.1.217'  'B.1.1.141' 'B.1.1.280' 'B.1.1.506' 'B.1.560' 'B.1.1.46' 'B.1.1.487'  'B.1.1.416' 'B.1.1.228' 'B.1.1.309' 'B.1.1.310' 'B.1.1.37' 'B.1.1.14'  'B.1.236' 'B.1.530' 'B.1.1.297' 'B.1.1.404' 'B.1.1.8' 'B.1.1.423'  'B.1.1.17' 'B.1.1.63' 'B.1.1.258' 'B.1.1.41' 'B.1.1.261' 'B.1.1.253'  'B.1.1.82' 'B.1.1.270' 'B.1.1.249' 'B.1.1.421' 'B.1.1.133' 'B.1.1.115'  'B.1.1.58' 'B.1.1.325' 'B.1.1.380' 'B.1.355' 'B.1.1.408' 'B.1.287'  'B.1.515' 'B.1.298' 'B.1.366' 'B.1.117' 'B.1.304' 'B.1.452' 'B.1.451'  'B.1.1.149' 'B.1.334' 'B.1.289' 'B.1.310' 'B.1.586' 'B.1.424' 'B.1.450'  'B.1.301' 'B.1.265' 'B.1.1.374' 'B.1.1.365' 'B.1.1.362' 'B.1.1.285'  'B.1.1.395' 'B.1.1.244' 'B.1.1.111' 'B.1.1.345' 'B.1.1.263' 'B.1.1.312'  'B.1.1.114' 'B.1.1.113' 'B.1.1.162' 'B.1.1.360' 'B.1.1.210' 'B.1.1.48'  'B.1.1.49' 'B.1.1.283' 'B.1.1.51' 'B.1.1.144' 'B.1.1.98' 'B.1.1.379'  'B.1.235'],[0.0106383 0.0106383 0.0106383 0.0106383 0.0106383 0.0106383 0.0106383  0.0106383 0.0106383 0.0106383 0.0106383 0.0106383 0.0106383 0.0106383  0.0106383 0.0106383 0.0106383 0.0106383 0.0106383 0.0106383 0.0106383  0.0106383 0.0106383 0.0106383 0.0106383 0.0106383 0.0106383 0.0106383  0.0106383 0.0106383 0.0106383 0.0106383 0.0106383 0.0106383 0.0106383  0.0106383 0.0106383 0.0106383 0.0106383 0.0106383 0.0106383 0.0106383  0.0106383 0.0106383 0.0106383 0.0106383 0.0106383 0.0015873 0.0015873  0.0015873 0.0015873 0.0015873 0.0015873 0.0015873 0.0015873 0.0015873  0.0015873 0.0015873 0.0015873 0.0015873 0.0015873 0.0015873 0.0015873  0.0015873 0.0015873 0.0015873 0.0015873 0.0015873 0.0015873 0.0015873  0.0015873 0.0015873 0.0015873 0.0015873 0.0015873 0.0015873 0.0015873  0.0015873 0.0015873 0.0015873 0.0015873 0.0015873 0.0015873 0.0015873  0.0015873 0.0015873 0.0015873 0.0015873 0.0015873 0.0015873 0.0015873  0.0015873 0.0015873 0.0015873 0.0015873 0.0015873 0.0015873 0.0015873  0.0015873 0.0015873 0.0015873 0.0015873 0.0015873 0.0015873 0.0015873  0.0015873 0.0015873 0.0015873 0.0015873 0.0015873 0.0015873 0.0015873  0.0015873 0.0015873 0.0015873 0.0015873 0.0015873 0.0015873 0.0015873  0.0015873 0.0015873 0.0015873 0.0015873 0.0015873 0.0015873 0.0015873  0.0015873 0.0015873 0.0015873 0.0015873 0.0015873 0.0015873 0.0015873  0.0015873 0.0015873 0.0015873 0.0015873 0.0015873 0.0015873 0.0015873  0.0015873 0.0015873 0.0015873 0.0015873 0.0015873 0.0015873 0.0015873  0.0015873 0.0015873 0.0015873 0.0015873 0.0015873 0.0015873 0.0015873  0.0015873 0.0015873 0.0015873 0.0015873 0.0015873 0.0015873 0.0015873  0.0015873 0.0015873 0.0015873 0.0015873 0.0015873 0.0015873 0.0015873  0.0015873 0.0015873 0.0015873 0.0015873 0.0015873 0.0015873 0.0015873  0.0015873 0.0015873 0.0015873 0.0015873 0.0015873 0.0015873 0.0015873  0.0015873 0.0015873 0.0015873 0.0015873 0.0015873 0.0015873 0.0015873  0.0015873 0.0015873 0.0015873 0.0015873 0.0015873 0.0015873 0.0015873  0.0015873 0.0015873 0.0015873 0.0015873 0.0015873 0.0015873 0.0015873  0.0015873 0.0015873 0.0015873 0.0015873 0.0015873 0.0015873 0.0015873  0.0015873 0.0015873 0.0015873 0.0015873 0.0015873 0.0015873 0.0015873  0.0015873 0.0015873 0.0015873 0.0015873 0.0015873 0.0015873 0.0015873  0.0015873 0.0015873 0.0015873 0.0015873 0.0015873 0.0015873 0.0015873  0.0015873 0.0015873 0.0015873 0.0015873 0.0015873 0.0015873 0.0015873  0.0015873 0.0015873 0.0015873 0.0015873 0.0015873 0.0015873 0.0015873  0.0015873 0.0015873 0.0015873 0.0015873 0.0015873 0.0015873 0.0015873  0.0015873 0.0015873 0.0015873 0.0015873 0.0015873 0.0015873 0.0015873  0.0015873 0.0015873 0.0015873 0.0015873 0.0015873 0.0015873 0.0015873  0.0015873 0.0015873 0.0015873 0.0015873 0.0015873 0.0015873 0.0015873  0.0015873 0.0015873 0.0015873 0.0015873 0.0015873 0.0015873 0.0015873  0.0015873 0.0015873 0.0015873 0.0015873 0.0015873 0.0015873 0.0015873  0.0015873 0.0015873 0.0015873 0.0015873 0.0015873 0.0015873 0.0015873  0.0015873 0.0015873 0.0015873 0.0015873 0.0015873 0.0015873 0.0015873  0.0015873 0.0015873 0.0015873 0.0015873 0.0015873 0.0015873 0.0015873  0.0015873 0.0015873 0.0015873 0.0015873 0.0015873 0.0015873 0.0015873  0.0015873 0.0015873 0.0015873 0.0015873 0.0015873 0.0015873 0.0015873  0.0015873 0.0015873 0.0015873 0.0015873 0.0015873 0.0015873 0.0015873  0.0015873 0.0015873 0.0015873 0.0015873 0.0015873 0.0015873 0.0015873  0.0015873 0.0015873 0.0015873 0.0015873 0.0015873 0.0015873 0.0015873  0.0015873 0.0015873 0.0015873 0.0015873 0.0015873 0.0015873 0.0015873  0.0015873 0.0015873 0.0015873 0.0015873 0.0015873 0.0015873 0.0015873  0.0015873 0.0015873 0.0015873 0.0015873 0.0015873],0.5000000000069557,134328,90.6207
SRR16298175,SRR16298175,Unassigned,19A,142646,142646,170.294,59.7331,6164,0,2,16,53,66,23682,0,6167,29849,ivar : iVar version 1.3.1,bwa : Version: 0.7.17-r1188,seqyclean : Version: 1.10.09 (2018-10-16),iVar version 1.3.1,7499.560000,bad,,,,,,,PUSHER-v1.8,4.0.6,0.3.17,v0.1.10,False,fail,Ambiguous_content:0.79,,[('Other'  0.9936264669502398)],['B.1.390' 'B.1.1.261' 'B.1.165' 'B.1.110' 'B.1.323' 'B.1.413' 'B.1.513'  'B.1.510' 'B.1.572' 'B.1.453' 'B.1.268' 'B.1.489' 'B.1.350' 'B.1.161'  'B.1.473' 'B.1.287' 'B.1.428' 'B.1.117' 'B.1.314' 'B.1.199' 'B.1.6'  'B.1.143' 'B.1.379' 'B.1.182' 'B.1.180' 'B.1.223' 'B.1.225' 'B.1.145'  'B.1.201' 'B.1.609' 'B.1.96' 'B.1.8' 'B.1.134' 'B.1.215' 'B.1.67'  'B.1.210' 'B.1' 'B.1.378' 'B.1.402' 'B.1.428.1' 'B.1.346' 'B.1.110.1'  'B.55' 'B.1.1.37' 'B.1.1.283' 'B.1.310' 'B.1.39' 'B.1.1.175' 'B.1.1.384'  'B.1.1.351' 'B.1.415'],[0.041841   0.03312847 0.02816748 0.02816748 0.02816748 0.02816748  0.02816748 0.02816748 0.02816748 0.02816748 0.02816748 0.02816748  0.02816748 0.02816748 0.02816748 0.02816748 0.02816748 0.02816748  0.02816748 0.02105164 0.02105164 0.02105164 0.02105164 0.02105164  0.02105164 0.02105164 0.02105164 0.02105164 0.02105164 0.02105164  0.02105164 0.02105164 0.02105164 0.02105164 0.02105164 0.02105164  0.02105164 0.02105164 0.00854701 0.00517627 0.00517356 0.0046729  0.00264317 0.00257732 0.00252525 0.0020202  0.00170358 0.00140647  0.00114943 0.0011274  0.00110619],2.107131994924186,132133,92.63
