sample_id,sample,pangolin_lineage,nextclade_clade,vadr_p/f,fastqc_raw_reads_1,fastqc_raw_reads_2,fastp_reads_passed,depth_after_trimming,1X_coverage_after_trimming,num_pos_100X,insert_size_after_trimming,ivar_num_variants_identified,bcftools_variants_identified,bedtools_num_failed_amplicons,samtools_num_failed_amplicons,num_N,num_degenerage,num_non-ambiguous,num_total,cleaner_version,aligner_version,trimmer_version,ivar_version,vadr_model,vadr_alerts,nextclade_qc.overallScore,nextclade_qc.overallStatus,pangolin_conflict,pangolin_ambiguity_score,pangolin_scorpio_call,pangolin_scorpio_support,pangolin_scorpio_conflict,pangolin_scorpio_notes,pangolin_version,pangolin_pangolin_version,pangolin_scorpio_version,pangolin_constellation_version,pangolin_is_designated,pangolin_qc_status,pangolin_qc_notes,pangolin_note,freyja_summarized,freyja_lineages,freyja_abundances,freyja_resid,freyja_coverage
ERR5181310,ERR5181310,Unassigned,,,912571,912571,1819962,12.0717,99.5552,21,392.6,0,37,8,0,29852,0,21,29873,fastp 0.23.2,minimap2 : 2.24-r1122,samtools ampliconclip : samtools 1.15,iVar version 1.3.1,,,,,,,,,,,PUSHER-v1.13,4.1.2,0.3.17,v0.1.10,False,fail,failed to map,,[('Eta'  0.9999999999999882)],B.1.525,1.00000000,1.1076782309777249,40.64809550881183
ERR5181360,ERR5181360,Unassigned,,PASS,1500457,1500457,2988662,22.8945,99.6489,174,400.1,0,38,1,0,29727,0,174,29901,fastp 0.23.2,minimap2 : 2.24-r1122,samtools ampliconclip : samtools 1.15,iVar version 1.3.1,NC_045512,-,,,,,,,,,PUSHER-v1.13,4.1.2,0.3.17,v0.1.10,False,fail,failed to map,,[('Eta'  0.9999999999999929)],B.1.525,1.00000000,1.555511586877815,90.29863224425642
ERR5405022,ERR5405022,B.1.1.7,20I (Alpha  V1),PASS,154545,154545,302416,843.216,99.7258,28279,188.7,35,41,0,0,1523,0,28282,29805,fastp 0.23.2,minimap2 : 2.24-r1122,samtools ampliconclip : samtools 1.15,iVar version 1.3.1,NC_045512,-,20.517545,good,0.0,,Alpha (B.1.1.7-like),0.96,0.04,scorpio call: Alt alleles 22; Ref alleles 1; Amb alleles 0; Oth alleles 0,PUSHER-v1.13,4.1.2,0.3.17,v0.1.10,False,pass,Ambiguous_content:0.07,Usher placements: B.1.1.7(2/2),[('Alpha'  0.9993669999604399)],Q.4,0.99936700,8.307121511135628,98.33461525599438
ERR5556343,ERR5556343,Unassigned,,PASS,216817,216817,433046,8.24854,99.6422,90,386.4,0,43,65,0,29716,0,90,29806,fastp 0.23.2,minimap2 : 2.24-r1122,samtools ampliconclip : samtools 1.15,iVar version 1.3.1,NC_045512,-,,,,,,,,,PUSHER-v1.13,4.1.2,0.3.17,v0.1.10,False,fail,failed to map,,[('Gamma'  0.9999999999984439)],P.1.12 P.1.10 P.1.16,0.33793500 0.33160343 0.33046158,0.5671240696494035,10.46048891415577
ERR5691945,ERR5691945,Unassigned,,FAIL,1735046,1735046,3464980,23.2195,99.9197,57,392.5,0,31,0,0,29842,0,57,29899,fastp 0.23.2,minimap2 : 2.24-r1122,samtools ampliconclip : samtools 1.15,iVar version 1.3.1,-,NO_ANNOTATION(noannotn),,,,,,,,,PUSHER-v1.13,4.1.2,0.3.17,v0.1.10,False,fail,failed to map,,[('Beta'  0.9999999999994812)],B.1.351,1.00000000,2.1740805355485247,91.92054308932214
ERR5743043,ERR5743043,Unassigned,,FAIL,1890053,1890053,3772972,19.5617,99.7258,46,392.6,0,37,0,0,29788,0,46,29834,fastp 0.23.2,minimap2 : 2.24-r1122,samtools ampliconclip : samtools 1.15,iVar version 1.3.1,-,NO_ANNOTATION(noannotn),,,,,,,,,PUSHER-v1.13,4.1.2,0.3.17,v0.1.10,False,fail,failed to map,,[('Delta'  0.9999999999952593)],AY.120 AY.111 AY.118 AY.4 AY.117,0.24626665 0.24435456 0.24435454 0.17411516 0.09090910,0.4532786283167203,89.2853559843494
ERR5743893,ERR5743893,Unassigned,,,198314,198314,396010,6.00736,98.6958,23,386.5,0,32,84,1,29783,0,23,29806,fastp 0.23.2,minimap2 : 2.24-r1122,samtools ampliconclip : samtools 1.15,iVar version 1.3.1,,,,,,,,,,,PUSHER-v1.13,4.1.2,0.3.17,v0.1.10,False,fail,failed to map,,[('Kappa'  0.9999999999999984)],B.1.617.1,1.00000000,0.24133115880736217,5.64826271611544
ERR5749609,ERR5749609,Unassigned,,FAIL,2323723,2323723,4641922,24.047,99.9431,40,392.1,0,37,0,0,29859,0,40,29899,fastp 0.23.2,minimap2 : 2.24-r1122,samtools ampliconclip : samtools 1.15,iVar version 1.3.1,-,NO_ANNOTATION(noannotn),,,,,,,,,PUSHER-v1.13,4.1.2,0.3.17,v0.1.10,False,fail,failed to map,,[('Delta'  0.9999999999150377)],AY.44,1.00000000,0.5897890711970578,93.74310269872588
ERR5771988,ERR5771988,Unassigned,,,1111192,1111192,2219762,11.283,99.7893,21,392.3,0,33,13,1,29852,0,21,29873,fastp 0.23.2,minimap2 : 2.24-r1122,samtools ampliconclip : samtools 1.15,iVar version 1.3.1,,,,,,,,,,,PUSHER-v1.13,4.1.2,0.3.17,v0.1.10,False,fail,failed to map,,[('Kappa'  1.000000000000001)],B.1.617.1,1.00000000,0.37363674084532705,40.13978530582216
SRR11494584,SRR11494584,B.4.5,19A,PASS,604651,604651,1192916,2404.68,99.7492,29782,244.2,5,5,0,0,46,0,29782,29828,fastp 0.23.2,minimap2 : 2.24-r1122,samtools ampliconclip : samtools 1.15,iVar version 1.3.1,NC_045512,-,0,good,0.0,,,,,,PANGO-v1.13,4.1.2,0.3.17,v0.1.10,True,pass,Ambiguous_content:0.02,Assigned from designation hash.,[('Other'  0.9982152559931734)],B.4.5 B.4,0.99504600 0.00316926,1.9899601179470607,99.66224124669766
SRR11577968,SRR11577968,B.1.320,20C,PASS,436687,436687,865216,1882.41,99.8361,29615,256.7,1,7,0,0,235,0,29619,29854,fastp 0.23.2,minimap2 : 2.24-r1122,samtools ampliconclip : samtools 1.15,iVar version 1.3.1,NC_045512,-,0,good,0.0,,,,,,PUSHER-v1.13,4.1.2,0.3.17,v0.1.10,False,pass,Ambiguous_content:0.02,Usher placements: B.1.320(1/1),[('Other'  0.9950684059998877)],B.1.320,0.99506841,0.749527063100967,99.66224124669766
SRR11915959,SRR11915959,B.35,19A,PASS,553601,553601,1077732,2487.88,99.8595,28784,238.9,9,45,0,1,1075,3,28785,29863,fastp 0.23.2,minimap2 : 2.24-r1122,samtools ampliconclip : samtools 1.15,iVar version 1.3.1,NC_045512,-,17.239026,good,0.0,,,,,,PUSHER-v1.13,4.1.2,0.3.17,v0.1.10,False,pass,Ambiguous_content:0.05,Usher placements: B.35(1/1),[('Other'  0.9902803599992429)],B.35 B.1.411 B.1.36.21,0.98785700 0.00128700 0.00113636,9.813281591559136,98.85295789720095
SRR12162365,SRR12162365,B.1.1,20B,PASS,258545,258545,515974,1374.68,99.7091,29564,188.0,1,9,0,0,252,0,29564,29816,fastp 0.23.2,minimap2 : 2.24-r1122,samtools ampliconclip : samtools 1.15,iVar version 1.3.1,NC_045512,-,0,good,0.0,,,,,,PUSHER-v1.13,4.1.2,0.3.17,v0.1.10,False,pass,Ambiguous_content:0.02,Usher placements: B.1.1(1/1),[('Other'  0.9918329170134403)],B.1.1.136 B.1.1.402 B.1.533 B.1.1.92 B.1.1.128 B.1.1.25 B.1.1.43 B.10 B.1.1.438 B.1.1.200 B.1.1.254 B.1.1.169,0.87138316 0.10689754 0.00206505 0.00196464 0.00151745 0.00129534 0.00129032 0.00111600 0.00110375 0.00109290 0.00109051 0.00101626,1.6741672349048644,99.50841052737184
SRR12192434,SRR12192434,Unassigned,20C,PASS,22164,22164,42914,118.455,99.9599,18833,182.1,2,10,0,0,10757,1,19133,29891,fastp 0.23.2,minimap2 : 2.24-r1122,samtools ampliconclip : samtools 1.15,iVar version 1.3.1,NC_045512,-,1500.984211,bad,,,,,,,PUSHER-v1.13,4.1.2,0.3.17,v0.1.10,False,fail,Ambiguous_content:0.36,,[('Other'  0.9999999999999399)],B.1.336,1.00000000,1.509296146723496,99.79935123566197
SRR12212912,SRR12212912,B.1.112,20A,PASS,274115,274115,542002,1423.8,99.9565,29453,269.1,10,10,0,0,445,0,29458,29903,fastp 0.23.2,minimap2 : 2.24-r1122,samtools ampliconclip : samtools 1.15,iVar version 1.3.1,NC_045512,-,0.288409,good,0.0,,,,,,PUSHER-v1.13,4.1.2,0.3.17,v0.1.10,False,pass,Ambiguous_content:0.03,Usher placements: B.1.112(1/1),[('Other'  0.9994874420002648)],B.1.112 B.1.124 B.1.9 B.1.487,0.99452557 0.00247321 0.00145560 0.00103306,0.6717566767581163,98.94324984115306
SRR12530461,SRR12530461,B.1.1,20B,PASS,584532,584532,1155714,2224.96,99.5686,27629,241.3,16,18,0,1,2230,0,27635,29865,fastp 0.23.2,minimap2 : 2.24-r1122,samtools ampliconclip : samtools 1.15,iVar version 1.3.1,NC_045512,-,51.096022,mediocre,0.0,,,,,,PUSHER-v1.13,4.1.2,0.3.17,v0.1.10,False,pass,Ambiguous_content:0.09,Usher placements: B.1.1(2/2),[('Other'  0.9797644815205654)],B.1.1.309 B.1.1.402 B.1.1.174 B.1.1.274 B.1.1.89 B.1.1.194 B.1.1.283 B.1.1.50 B.1.1.43 B.1.1.135 B.1.1.231 B.1.1.262 B.1.533,0.91885553 0.02558640 0.00982904 0.00961538 0.00282965 0.00266768 0.00263466 0.00173310 0.00134892 0.00129955 0.00125156 0.00108460 0.00102841,3.885314366765697,98.40149817744039
SRR12661075,SRR12661075,B.1.452,20C,PASS,3399069,3399069,6783688,7352.6,100,29834,181.1,1,8,0,0,68,0,29835,29903,fastp 0.23.2,minimap2 : 2.24-r1122,samtools ampliconclip : samtools 1.15,iVar version 1.3.1,NC_045512,-,0,good,0.0,,,,,,PANGO-v1.13,4.1.2,0.3.17,v0.1.10,True,pass,Ambiguous_content:0.02,Assigned from designation hash.,[('Other'  0.989944128866937)],B.1.452 B.1.451 B.1.289,0.98747365 0.00130579 0.00116469,0.5812504669975955,99.87626659532488
SRR12733606,SRR12733606,B.1.390,20A,PASS,776002,776002,1407648,616.426,99.9231,29256,204.3,8,9,0,0,633,0,29264,29897,fastp 0.23.2,minimap2 : 2.24-r1122,samtools ampliconclip : samtools 1.15,iVar version 1.3.1,NC_045512,-,1.521111,good,0.0,,,,,,PUSHER-v1.13,4.1.2,0.3.17,v0.1.10,False,pass,Ambiguous_content:0.03,Usher placements: B.1.390(1/1),[('Other'  0.999100940000986)],B.1.390 B.1.557,0.99720700 0.00189394,1.4439857097760302,99.86623415710798
SRR12751757,SRR12751757,D.2,20F,PASS,497470,497470,984480,1651.74,97.9734,23993,214.5,14,27,0,2,5823,1,24030,29854,fastp 0.23.2,minimap2 : 2.24-r1122,samtools ampliconclip : samtools 1.15,iVar version 1.3.1,NC_045512,-,419.429753,bad,0.0,,,,,,PUSHER-v1.13,4.1.2,0.3.17,v0.1.10,False,pass,Ambiguous_content:0.2,Usher placements: D.2(1/1),[('Other'  0.9992140000288164)],D.2,0.99921400,2.1526434904009104,91.47242751563388
SRR12763543,SRR12763543,B.1.1.463,20B,PASS,1236202,1236202,2465766,3735.36,99.1773,27556,181.4,7,8,0,3,2335,0,27560,29895,fastp 0.23.2,minimap2 : 2.24-r1122,samtools ampliconclip : samtools 1.15,iVar version 1.3.1,NC_045512,-,56.806927,mediocre,0.0,,,,,,PUSHER-v1.13,4.1.2,0.3.17,v0.1.10,False,pass,Ambiguous_content:0.08,Usher placements: B.1.1.463(1/1),[('Other'  0.9845645149348803)],B.1.1.463 B.1.1.438,0.98319277 0.00137174,0.6278733681654982,96.9401063438451
SRR12774785,SRR12774785,B.1.287,20C,PASS,29696,29696,58340,241.986,99.0402,24713,147.7,6,9,0,1,5129,1,24761,29891,fastp 0.23.2,minimap2 : 2.24-r1122,samtools ampliconclip : samtools 1.15,iVar version 1.3.1,NC_045512,-,320.879849,bad,0.0,,,,,,PUSHER-v1.13,4.1.2,0.3.17,v0.1.10,False,pass,Ambiguous_content:0.18,Usher placements: B.1.287(1/1),[('Other'  1.0000000000001257)],B.1.287 B.1.319 B.1.324,0.99082600 0.00546448 0.00370952,0.4989275886681148,96.58897100625356
SRR12833718,SRR12833718,B.1.1.174,20B,PASS,651160,651160,1298520,2023.07,97.5655,26740,185.7,13,41,0,1,2800,8,26757,29565,fastp 0.23.2,minimap2 : 2.24-r1122,samtools ampliconclip : samtools 1.15,iVar version 1.3.1,NC_045512,-,149.907493,bad,0.0,,,,,,PUSHER-v1.13,4.1.2,0.3.17,v0.1.10,False,pass,Ambiguous_content:0.11,Usher placements: B.1.1.174(1/1),[('Other'  0.999271136996432)],B.1.1.174,0.99927114,3.0300669762755423,95.28809818412869
SRR12833927,SRR12833927,B.1.1.514,20B,PASS,1287220,1287220,2567540,3206.89,98.853,29406,191.5,8,8,0,1,167,0,29406,29573,fastp 0.23.2,minimap2 : 2.24-r1122,samtools ampliconclip : samtools 1.15,iVar version 1.3.1,NC_045512,-,0,good,0.0,,,,,,PUSHER-v1.13,4.1.2,0.3.17,v0.1.10,False,pass,Ambiguous_content:0.02,Usher placements: B.1.1.514(1/1),[('Other'  0.999606999999778)],B.1.1.514,0.99960700,0.7358647042193298,98.80948399826104
SRR12901576,SRR12901576,B.1,20C,PASS,363267,363267,716516,1569.85,99.4482,28960,257.3,7,7,0,0,924,0,28976,29900,fastp 0.23.2,minimap2 : 2.24-r1122,samtools ampliconclip : samtools 1.15,iVar version 1.3.1,NC_045512,-,5.341235,good,0.0,,,,,,PUSHER-v1.13,4.1.2,0.3.17,v0.1.10,False,pass,Ambiguous_content:0.04,Usher placements: B.1(1/1),[('Other'  0.9938529299978388)],B.1.515 B.1.306 B.1.167 B.1.372 B.1.333 B.1.349,0.97656646 0.00617284 0.00537634 0.00350877 0.00112233 0.00110619,1.746418003917424,98.93990569508077
SRR13001544,SRR13001544,B.1.199,20A,PASS,152965,152965,304434,135.279,99.8763,21227,381.5,0,6,0,0,8456,0,21410,29866,fastp 0.23.2,minimap2 : 2.24-r1122,samtools ampliconclip : samtools 1.15,iVar version 1.3.1,NC_045512,-,912.487462,bad,0.0,,,,,,PUSHER-v1.13,4.1.2,0.3.17,v0.1.10,False,pass,Ambiguous_content:0.29,Usher placements: B.1.199(1/1),[('Other'  0.9999999999999629)],B.1.199,1.00000000,0.9291124251899125,99.67561783098685
SRR13004400,SRR13004400,Unassigned,,,34961,34961,66438,32.1976,99.7726,3,385.1,0,13,0,0,29829,0,6,29835,fastp 0.23.2,minimap2 : 2.24-r1122,samtools ampliconclip : samtools 1.15,iVar version 1.3.1,,,,,,,,,,,PUSHER-v1.13,4.1.2,0.3.17,v0.1.10,False,fail,failed to map,,[('Other'  1.0000000000001115)],B.1.264 B.1.350,0.97058820 0.02941180,0.6469568660823052,91.42895361669397
SRR13062553,SRR13062553,Unassigned,,,20718,20718,40946,31.3787,99.8027,0,393.9,0,10,0,0,29844,0,0,29844,fastp 0.23.2,minimap2 : 2.24-r1122,samtools ampliconclip : samtools 1.15,iVar version 1.3.1,,,,,,,,,,,PUSHER-v1.13,4.1.2,0.3.17,v0.1.10,False,fail,failed to map,,[('Other'  0.9999999999998984)],B.1.265,1.00000000,0.8920948742741225,96.9568270742066
SRR13089080,SRR13089080,Unassigned,19A,PASS,37630,37630,56160,49.5619,99.7358,1183,405.1,0,9,0,0,28603,0,1221,29824,fastp 0.23.2,minimap2 : 2.24-r1122,samtools ampliconclip : samtools 1.15,iVar version 1.3.1,NC_045512,-,10988.474746,bad,,,,,,,PUSHER-v1.13,4.1.2,0.3.17,v0.1.10,False,fail,Ambiguous_content:0.96,,[('Other'  0.9999999999994876)],B.1.589,1.00000000,0.7997350413436235,98.88974350399626
SRR13126740,SRR13126740,B.1.384,20A,PASS,33706,33706,66504,270.112,98.0537,22133,151.1,4,10,0,8,7675,1,22189,29865,fastp 0.23.2,minimap2 : 2.24-r1122,samtools ampliconclip : samtools 1.15,iVar version 1.3.1,NC_045512,-,747.099108,bad,0.09090909090909091,,,,,,PUSHER-v1.13,4.1.2,0.3.17,v0.1.10,False,pass,Ambiguous_content:0.26,Usher placements: B.1(1/11) B.1.384(10/11),[('Other'  0.999999999999521)],B.1.384 B.1.151 B.1.157 B.1.219,0.99089865 0.00349650 0.00289017 0.00271468,0.4433574179077202,90.10801591813531
SRR13129709,SRR13129709,D.3,20B,PASS,568486,568486,1112336,2491.73,99.8328,29556,218.4,14,14,0,0,296,0,29557,29853,fastp 0.23.2,minimap2 : 2.24-r1122,samtools ampliconclip : samtools 1.15,iVar version 1.3.1,NC_045512,-,0,good,0.0,,,,,,PUSHER-v1.13,4.1.2,0.3.17,v0.1.10,False,pass,Ambiguous_content:0.02,Usher placements: D.3(1/1),[('Other'  0.9992979999999859)],D.3,0.99929800,0.9267691844815775,99.65889710062535
SRR13193342,SRR13193342,Unassigned,20C,PASS,78530,78530,152804,92.6774,99.9866,10683,572.9,0,11,0,0,18910,0,10993,29903,fastp 0.23.2,minimap2 : 2.24-r1122,samtools ampliconclip : samtools 1.15,iVar version 1.3.1,NC_045512,-,4750.783265,bad,,,,,,,PUSHER-v1.13,4.1.2,0.3.17,v0.1.10,False,fail,Ambiguous_content:0.63,,[('Other'  1.0000000000030838)],B.1.320 B.1.578,0.98989900 0.01010100,2.2178135933865315,99.58198174096245
SRR13195052,SRR13195052,B.1.1.139,20B,PASS,416419,416419,830676,2068.9,99.9799,29672,195.3,10,10,0,0,220,0,29682,29902,fastp 0.23.2,minimap2 : 2.24-r1122,samtools ampliconclip : samtools 1.15,iVar version 1.3.1,NC_045512,-,0,good,0.0,,,,,,PUSHER-v1.13,4.1.2,0.3.17,v0.1.10,False,pass,Ambiguous_content:0.02,Usher placements: B.1.1.139(1/1),[('Other'  0.9981724350001744)],B.1.1.139,0.99817244,1.0910593590310518,99.88629903354179
SRR13195265,SRR13195265,B.1.1.205,20B,PASS,1946500,1946500,3840040,3551.87,99.7191,29747,105.3,9,9,0,0,72,0,29747,29819,fastp 0.23.2,minimap2 : 2.24-r1122,samtools ampliconclip : samtools 1.15,iVar version 1.3.1,NC_045512,-,0,good,0.0,,,,,,PUSHER-v1.13,4.1.2,0.3.17,v0.1.10,False,pass,Ambiguous_content:0.02,Usher placements: B.1.1.205(1/1),[('Other'  0.9980745839994167)],B.1.1.205,0.99807458,0.874057282682366,99.67561783098685
SRR13195337,SRR13195337,B.1.309,20C,PASS,2277602,2277602,4496360,4386.65,99.7425,29791,114.4,14,14,0,0,35,0,29791,29826,fastp 0.23.2,minimap2 : 2.24-r1122,samtools ampliconclip : samtools 1.15,iVar version 1.3.1,NC_045512,-,0,good,0.0,,,,,,PANGO-v1.13,4.1.2,0.3.17,v0.1.10,True,pass,Ambiguous_content:0.02,Assigned from designation hash.,[('Other'  0.9979655169929861)],B.1.309,0.99796552,0.9632598910833868,99.70905929170986
SRR13297853,SRR13297853,Unassigned,20C,PASS,372300,372300,707438,145.981,99.9131,20433,538.9,1,9,0,0,9265,0,20614,29879,fastp 0.23.2,minimap2 : 2.24-r1122,samtools ampliconclip : samtools 1.15,iVar version 1.3.1,NC_045512,-,1102.485940,bad,,,,,,,PUSHER-v1.13,4.1.2,0.3.17,v0.1.10,False,fail,Ambiguous_content:0.32,,[('Other'  0.9999999999999701)],B.1.323,1.00000000,0.7217281520107894,99.61876734775775
SRR13297857,SRR13297857,Unassigned,19A,PASS,51105,51105,55578,40.0195,99.6756,239,388.6,0,7,0,0,29502,0,304,29806,fastp 0.23.2,minimap2 : 2.24-r1122,samtools ampliconclip : samtools 1.15,iVar version 1.3.1,NC_045512,-,11697.624198,bad,,,,,,,PUSHER-v1.13,4.1.2,0.3.17,v0.1.10,False,fail,failed to map,,[('Other'  0.9999999999986933)],B.1.450 B.1.350 B.1.287 B.1 B.1.306,0.60000000 0.30951920 0.04000000 0.03125000 0.01923080,1.043559993881058,97.79620773835401
SRR13358209,SRR13358209,B.1.1.440,20B,PASS,35450,35450,69674,282.968,99.8294,25607,148.7,1,9,0,1,4202,0,25663,29865,fastp 0.23.2,minimap2 : 2.24-r1122,samtools ampliconclip : samtools 1.15,iVar version 1.3.1,NC_045512,-,208.856022,bad,0.0,,,,,,PUSHER-v1.13,4.1.2,0.3.17,v0.1.10,False,pass,Ambiguous_content:0.15,Usher placements: B.1.1.440(1/1),[('Other'  0.999999999999992)],B.1.1.440,1.00000000,0.5208968162142565,97.97010333411363
SRR13373851,SRR13373851,B.1.492,20C,PASS,184210,184210,358288,1180.5,99.8428,29707,149.8,8,8,0,0,159,0,29708,29867,fastp 0.23.2,minimap2 : 2.24-r1122,samtools ampliconclip : samtools 1.15,iVar version 1.3.1,NC_045512,-,0,good,0.0,,,,,,PUSHER-v1.13,4.1.2,0.3.17,v0.1.10,False,pass,Ambiguous_content:0.02,Usher placements: B.1.492(1/1),[('Other'  1.0000000000011853)],B.1.492 B.1.366,0.99879500 0.00120500,1.338882406442557,99.70571514563755
SRR13422799,SRR13422799,Unassigned,21C (Epsilon),PASS,76082,76082,148696,72.3992,99.8261,5610,383.6,0,32,0,1,24104,0,5747,29851,fastp 0.23.2,minimap2 : 2.24-r1122,samtools ampliconclip : samtools 1.15,iVar version 1.3.1,NC_045512,-,7772.881650,bad,,,,,,,PUSHER-v1.13,4.1.2,0.3.17,v0.1.10,False,fail,Ambiguous_content:0.81,,[('Epsilon'  0.9999999999998535)],B.1.429,1.00000000,9.439027865707187,98.00688894090894
SRR13422802,SRR13422802,B.1.427,21C (Epsilon),PASS,146635,146635,287962,113.686,99.5419,17113,384.9,2,22,0,0,12422,0,17414,29836,fastp 0.23.2,minimap2 : 2.24-r1122,samtools ampliconclip : samtools 1.15,iVar version 1.3.1,NC_045512,-,2015.677421,bad,,,Epsilon (B.1.427-like),0.62,0.0,scorpio call: Alt alleles 8; Ref alleles 0; Amb alleles 5; Oth alleles 0,SCORPIO_v0.1.10,4.1.2,0.3.17,v0.1.10,False,fail,Ambiguous_content:0.42,scorpio called lineage B.1.427,[('Epsilon'  0.9999999999996534)],B.1.427,1.00000000,2.060600145438385,98.76935424539344
SRR13433883,SRR13433883,B.1.258.23,20A,PASS,106223,106223,211024,684.281,99.9331,28447,280.3,25,27,0,3,1437,0,28460,29897,fastp 0.23.2,minimap2 : 2.24-r1122,samtools ampliconclip : samtools 1.15,iVar version 1.3.1,NC_045512,-,94.295957,mediocre,0.0,,,,,,PUSHER-v1.13,4.1.2,0.3.17,v0.1.10,False,pass,Ambiguous_content:0.06,Usher placements: B.1.258.23(1/1),[('Other'  0.9999999999999407)],B.1.258.23,1.00000000,1.369307595227447,97.53536434471458
SRR13486908,SRR13486908,B.1.385,20A,PASS,3297513,3297513,6323766,5888.8,100,29869,258.3,17,17,0,0,34,0,29869,29903,fastp 0.23.2,minimap2 : 2.24-r1122,samtools ampliconclip : samtools 1.15,iVar version 1.3.1,NC_045512,-,6.250000,good,0.0,,,,,,PANGO-v1.13,4.1.2,0.3.17,v0.1.10,True,pass,Ambiguous_content:0.02,Assigned from designation hash.,[('Other'  0.9980730206270833)],B.1.385,0.99807302,4.728897877126637,100.0
SRR13500958,SRR13500958,Unassigned,20B,PASS,73899,73899,146510,76.9133,99.7659,8389,382.3,0,23,0,0,21334,0,8499,29833,fastp 0.23.2,minimap2 : 2.24-r1122,samtools ampliconclip : samtools 1.15,iVar version 1.3.1,NC_045512,-,6068.987051,bad,,,,,,,PUSHER-v1.13,4.1.2,0.3.17,v0.1.10,False,fail,Ambiguous_content:0.72,,[('Zeta'  0.9999999999999941)],P.2,1.00000000,2.0113870632478976,96.62575661304886
SRR13511054,SRR13511054,Unassigned,21F (Iota),PASS,102908,102908,202016,91.2715,99.806,11102,385.1,1,23,0,0,18603,0,11250,29853,fastp 0.23.2,minimap2 : 2.24-r1122,samtools ampliconclip : samtools 1.15,iVar version 1.3.1,NC_045512,-,4598.111235,bad,,,,,,,PUSHER-v1.13,4.1.2,0.3.17,v0.1.10,False,fail,Ambiguous_content:0.62,,[('Iota'  0.9999999999999901)],B.1.526,1.00000000,2.2720974587520533,99.59535832525165
SRR13526755,SRR13526755,B.1.1.418,20B,PASS,1068040,1068040,2109874,3818.45,99.8997,29788,177.2,18,18,0,0,85,0,29788,29873,fastp 0.23.2,minimap2 : 2.24-r1122,samtools ampliconclip : samtools 1.15,iVar version 1.3.1,NC_045512,-,0,good,0.0,,,,,,PUSHER-v1.13,4.1.2,0.3.17,v0.1.10,False,pass,Ambiguous_content:0.02,Usher placements: B.1.1.418(1/1),[('Other'  0.9988319999971716)],B.1.1.418,0.99883200,0.733145410645127,99.70571514563755
SRR13527262,SRR13527262,B.1.1.450,20B,PASS,209689,209689,418656,939.822,97.9266,24371,184.7,11,13,1,4,5478,0,24421,29899,fastp 0.23.2,minimap2 : 2.24-r1122,samtools ampliconclip : samtools 1.15,iVar version 1.3.1,NC_045512,-,367.787160,bad,0.0,,,,,,PUSHER-v1.13,4.1.2,0.3.17,v0.1.10,False,pass,Ambiguous_content:0.2,Usher placements: B.1.1.450(1/1),[('Other'  0.9994807890001591)],B.1.1.450,0.99948079,0.46869557289002256,93.41537638364044
SRR13574337,SRR13574337,B.1.375,20C,PASS,1245538,1245538,2171070,480.475,99.9933,29428,285.7,1,16,0,0,459,0,29438,29897,fastp 0.23.2,minimap2 : 2.24-r1122,samtools ampliconclip : samtools 1.15,iVar version 1.3.1,NC_045512,-,0.346790,good,0.0,,,,,,PUSHER-v1.13,4.1.2,0.3.17,v0.1.10,False,pass,Ambiguous_content:0.03,Usher placements: B.1.375(1/1),[('Other'  0.9999999999999897)],B.1.375 B.1.595,0.99732620 0.00267380,2.499851479673287,99.87292244925258
SRR13603869,SRR13603869,B.1.427,21C (Epsilon),PASS,35473,35473,70064,293.896,98.7526,24209,154.7,14,22,0,3,5642,0,24224,29866,fastp 0.23.2,minimap2 : 2.24-r1122,samtools ampliconclip : samtools 1.15,iVar version 1.3.1,NC_045512,-,391.453553,bad,0.0,,Epsilon (B.1.427-like),0.62,0.0,scorpio call: Alt alleles 8; Ref alleles 0; Amb alleles 5; Oth alleles 0,PUSHER-v1.13,4.1.2,0.3.17,v0.1.10,False,pass,Ambiguous_content:0.2,Usher placements: B.1.427(6/6),[('Epsilon'  0.9999999999998461)],B.1.427,1.00000000,2.422168600198156,96.08066080326388
SRR13606410,SRR13606410,Unassigned,20B,PASS,92107,92107,182852,76.9432,99.7358,6357,383.0,0,20,0,0,23291,0,6533,29824,fastp 0.23.2,minimap2 : 2.24-r1122,samtools ampliconclip : samtools 1.15,iVar version 1.3.1,NC_045512,-,7250.837874,bad,,,,,,,PUSHER-v1.13,4.1.2,0.3.17,v0.1.10,False,fail,Ambiguous_content:0.78,,[('Zeta'  0.9999999999999514)],P.2,1.00000000,1.8573665101690406,99.67227368491456
SRR13668148,SRR13668148,B.1.570,20C,PASS,200629,200629,343466,961.429,99.271,23787,151.5,9,13,0,0,6082,0,23812,29894,fastp 0.23.2,minimap2 : 2.24-r1122,samtools ampliconclip : samtools 1.15,iVar version 1.3.1,NC_045512,-,458.594294,bad,0.0,,,,,,PUSHER-v1.13,4.1.2,0.3.17,v0.1.10,False,pass,Ambiguous_content:0.2,Usher placements: B.1.570(1/1),[('Other'  0.9990969999999922)],B.1.570,0.99909700,0.7406748882218164,96.29803029796342
SRR13687078,SRR13687078,B.1.1.362,20B,PASS,33826,33826,66586,281.226,99.6288,26906,152.0,9,11,0,0,2921,0,26965,29886,fastp 0.23.2,minimap2 : 2.24-r1122,samtools ampliconclip : samtools 1.15,iVar version 1.3.1,NC_045512,-,94.233759,mediocre,0.0,,,,,,PUSHER-v1.13,4.1.2,0.3.17,v0.1.10,False,pass,Ambiguous_content:0.11,Usher placements: B.1.1.362(2/2),[('Other'  0.9999999999999103)],B.1.1.362,1.00000000,1.356001005150762,98.15737551416245
SRR13689874,SRR13689874,B.1.1.512,20B,PASS,301254,301254,600498,1548.87,99.9565,29423,226.8,27,30,0,0,468,0,29434,29902,fastp 0.23.2,minimap2 : 2.24-r1122,samtools ampliconclip : samtools 1.15,iVar version 1.3.1,NC_045512,-,21.394105,good,0.0,,,,,,PUSHER-v1.13,4.1.2,0.3.17,v0.1.10,False,pass,Ambiguous_content:0.03,Usher placements: B.1.1.512(1/1),[('Other'  0.9993370000001904)],B.1.1.512,0.99933700,6.841499735065379,99.29104103267231
SRR13690003,SRR13690003,B.1,20G,PASS,753605,753605,1503954,2851.78,99.9666,29608,197.7,1,42,0,0,284,5,29604,29893,fastp 0.23.2,minimap2 : 2.24-r1122,samtools ampliconclip : samtools 1.15,iVar version 1.3.1,NC_045512,-,69.444444,mediocre,0.5,,,,,,PUSHER-v1.13,4.1.2,0.3.17,v0.1.10,False,pass,Ambiguous_content:0.02,Usher placements: B.1(1/2) B.1.2(1/2),[('Other'  0.8698537049997512)  ('Epsilon'  0.12625024200871945)],B.1.2 B.1.550 B.1.427,0.69103470 0.17881900 0.12625024,6.387904519988696,99.80603952780658
SRR13690340,SRR13690340,B.1.232,20A,PASS,333889,333889,666534,1619.29,99.9632,29569,193.6,18,38,0,0,334,2,29567,29903,fastp 0.23.2,minimap2 : 2.24-r1122,samtools ampliconclip : samtools 1.15,iVar version 1.3.1,NC_045512,-,10.265857,good,0.0,,,,,,PUSHER-v1.13,4.1.2,0.3.17,v0.1.10,False,pass,Ambiguous_content:0.02,Usher placements: B.1.232(1/1),[('Other'  0.9977177219999354)],B.1.232 B.1.2 B.1.383,0.69783100 0.27290545 0.02698128,2.4390892853698105,99.9230846403371
SRR14241199,SRR14241199,Unassigned,21F (Iota),PASS,222498,222498,405236,101.505,99.7726,13363,384.9,5,32,0,0,16231,0,13602,29833,fastp 0.23.2,minimap2 : 2.24-r1122,samtools ampliconclip : samtools 1.15,iVar version 1.3.1,NC_045512,-,3481.610662,bad,,,,,,,PUSHER-v1.13,4.1.2,0.3.17,v0.1.10,False,fail,Ambiguous_content:0.55,,[('Iota'  0.9999999999999591)],B.1.526,1.00000000,2.514853262713847,99.60204661739625
SRR16298157,SRR16298157,Unassigned,,,1691,1691,1732,0.0017724,0.0902919,0,26.5,0,0,98,98,18116,0,0,18116,fastp 0.23.2,minimap2 : 2.24-r1122,samtools ampliconclip : samtools 1.15,iVar version 1.3.1,,,,,,,,,,,PUSHER-v1.13,4.1.2,0.3.17,v0.1.10,False,fail,failed to map,,[('Other'  0.7164179104476357)  ('A'  0.28358208955218933)],B.1.1.161 B.10 B.18 B.3 B.29 B.41 B.33 B.61 B.28 B.12 B.45 B.13 B.51 A B.4 B.42 B.11 B.31 B.57 B.52 B.46 B.47 B.6 B.5 B.19 B.23 B.26 B.55 B.27 B.1.14 B.20 B.15 B.30 B.40 A.28 B.4.7 A.29 A.4 A.24 A.26 A.25 A.3 A.27 A.12 A.11 A.2.3 A.2.2 A.7 A.2.4 A.6 B.4.4 B.37 B.43 B.58 A.1 A.5 B.4.5 B.6.6 B.35 B.39 B.60 A.2 B.4.6 B.3.1 B.34 B.32 B,0.01492537 0.01492537 0.01492537 0.01492537 0.01492537 0.01492537 0.01492537 0.01492537 0.01492537 0.01492537 0.01492537 0.01492537 0.01492537 0.01492537 0.01492537 0.01492537 0.01492537 0.01492537 0.01492537 0.01492537 0.01492537 0.01492537 0.01492537 0.01492537 0.01492537 0.01492537 0.01492537 0.01492537 0.01492537 0.01492537 0.01492537 0.01492537 0.01492537 0.01492537 0.01492537 0.01492537 0.01492537 0.01492537 0.01492537 0.01492537 0.01492537 0.01492537 0.01492537 0.01492537 0.01492537 0.01492537 0.01492537 0.01492537 0.01492537 0.01492537 0.01492537 0.01492537 0.01492537 0.01492537 0.01492537 0.01492537 0.01492537 0.01492537 0.01492537 0.01492537 0.01492537 0.01492537 0.01492537 0.01492537 0.01492537 0.01492537 0.01492537,2.3189280287596667e-13,0.0
SRR16298158,SRR16298158,Unassigned,20A,FAIL,300310,300310,591874,261.312,43.1629,5490,142.2,0,14,66,69,24371,1,5492,29864,fastp 0.23.2,minimap2 : 2.24-r1122,samtools ampliconclip : samtools 1.15,iVar version 1.3.1,NC_045512,-,8005.997133,bad,,,,,,,PUSHER-v1.13,4.1.2,0.3.17,v0.1.10,False,fail,Ambiguous_content:0.82,,[('Other'  0.998831793006011)],B.1.177.33,0.99883179,2.532577316753508,22.877303280607297
SRR16298159,SRR16298159,Unassigned,,,27131,27131,49602,0.308631,18.5232,0,149.2,0,6,98,98,29550,0,0,29550,fastp 0.23.2,minimap2 : 2.24-r1122,samtools ampliconclip : samtools 1.15,iVar version 1.3.1,,,,,,,,,,,PUSHER-v1.13,4.1.2,0.3.17,v0.1.10,False,fail,failed to map,,[('Other'  0.9977116704046362)  ('Zeta'  0.002288329519276673)],AZ.2.1 B.1.1.28 B.1.274 B.1.277 B.1.273 B.1.478 B.1.1.92 B.1.1.142 B.1.1.71 B.1.1.189 B.1.1.205 B.1.1.192 B.1.1.34 B.1.1.254 B.1.1.148 B.1.1.166 B.1.1.274 B.1.1.83 B.1.1.372 B.1.1.43 B.1.1.122 B.1.1.164 B.1.1.200 B.1.1.137 B.1.173 B.1.1.134 B.1.13 B.1.479 B.1.483 B.1.511 B.1.294 B.1.564 B.1.413 B.1.264 B.1.321 B.1.166 B.1.319 B.1.513 B.1.520 B.1.344 B.1.510 B.1.485 B.1.324 B.1.572 B.1.268 B.1.487 B.1.108 B.1.489 B.1.39 B.1.329 B.1.330 B.1.333 B.1.431 B.1.1.118 B.1.1.12 B.1.336 B.1.298 B.1.551 B.1.235 B.1.359 B.1.493 B.1.3 B.1.496 B.1.318 B.1.369 B.1.287 B.1.428 B.1.515 B.1.366 B.1.1.168 B.1.304 B.1.606 B.1.452 B.1.355 B.1.168 B.1.451 B.1.334 B.1.310 B.1.424 B.1.450 B.1.301 B.1.407 B.1.408 B.1.214 B.1.210 B.1.1.26 B.1.1.485 B.1.1.25 B.1.1.378 B.1.1.440 B.1.1.438 B.1.1.169 B.1.1.402 B.1.1.174 B.1.1.185 B.1.1.129 B.1.1.57 B.1.1.117 B.1.1.10 B.1.1.398 B.1.1.33 B.1.1.447 B.1.1.175 B.1.1.376 B.1.1.203 B.1.1.500 B.1.1.275 B.1.565 B.1.323 B.1.115 B.1.315 B.1.142 B.39 B.35 B.6.6 B.1.67 B.1.76 B.1.215 B.1.8 B.1.81 B.1.201 B.1.395 B.1.383 B.1.143 B.1.267 B.1.78 B.1.195 B.1.134 B.1.545 B.1.378 B.1.199 B.1.91 B.1.179 B.1.70 B.1.194 B.1.543 B.60 B.1 B.3.1 B.34 B.15 B.20 B.1.14 B.27 B.26 B.23 B.6 B.47 B.57 B.10 B.42 B.12 B.28 B.61 B.33 B.41 B.29 B.3 B.30 B.31 B.40 B.37 B.32 B.58 B.43 B.1.103 B.1.248 B.1.250 B.1.382 B.1.1 B.1.96 B.1.153 B.1.393 B.1.600 B.1.416 B.1.233 B.1.229 B.1.556 B.1.243 B.1.239 B.1.397 B.1.400 B.1.238 B.1.558 B.1.399 B.1.401 B.1.240 B.1.249 B.1.254 B.1.252 B.1.251 B.1.104 B.1.211 B.1.391 B.1.178 B.1.147 B.1.213 B.1.6 B.1.208 B.1.151 B.1.218 B.1.205 B.1.35 B.1.23 B.1.198 B.1.377 B.1.106 B.1.379 B.1.182 B.1.180 B.1.420 B.1.223 B.1.225 B.1.181 B.1.418 B.1.415 B.1.559 B.1.265 B.1.370 AZ.4 B.1.398 B.1.1.136 B.1.1.13 L.2 B.1.1.214 B.1.1.226 B.1.1.363 N.4 N.3 N.1 B.1.1.373 B.1.627 B.1.428.1 B.1.1.467 B.1.428.2 B.1.165 B.1.521 B.1.433 B.1.596.1 B.1.9 B.1.443 B.1.469 B.1.1.4 B.1.1.216 B.1.1.29 B.1.533 B.1.1.89 B.1.1.16 B.1.1.311 B.1.456 B.1.1.289 B.1.1.459 B.1.1.77 B.1.1.521 B.1.1.368 B.1.1.326 B.1.1.125 B.1.1.194 B.1.1.138 B.1.1.38 B.1.1.208 B.1.1.128 B.1.1.392 B.1.1.241 B.1.1.55 B.1.1.186 B.1.1.1 B.59 B.1.1.61 AN.1 B.1.1.97 B.1.1.308 P.7 B.1.1.294 B.1.590 B.1.1.375 B.1.1.161 D.4 B.1.1.44 L.4 B.1.409 B.1.564.1 B.1.1.348 P.2 AH.2 C.23 C.36 M.2 B.1.1.344 B.1.1.236 AF.1 B.1.1.290 B.1.400.1 B.1.562 B.1.1.277 B.1.1.303 B.1.221.1 B.1.1.318 AZ.3 AZ.2 B.1.1.207 B.1.1.190 B.1.1.269 C.2 B.1.1.482 B.1.1.322 B.1.428.3 B.1.570 B.1.441 B.1.385 B.1.9.1 B.1.9.2 B.1.9.4 B.1.9.5 B.1.221 AH.1 C.35 C.13 C.12 C.27 C.25 C.3 C.14 C.1 C.4 C.33 C.32 B.1.466 B.1.170 B.1.164 B.1.1.261 B.1.1.257 B.1.1.323 B.1.1.458 B.1.1.63 B.1.1.45 B.1.1.14 B.1.1.384 B.1.1.130 B.1.1.382 B.1.1.135 B.1.1.160 B.1.1.253 B.1.162 B.1.1.82 B.1.1.204 B.1.1.133 B.1.1.115 B.1.1.41 B.1.1.231 B.1.1.310 B.1.1.107 B.1.1.307 B.1.1.116 B.1.1.67 B.1.1.17 B.1.1.423 B.1.1.8 B.1.1.464 B.1.116 B.1.22 B.1.332 B.1.293 B.1.342 B.1.607 B.1.372 B.1.12 B.1.356 B.1.340 B.1.492 B.1.465 B.1.470 B.1.523 B.1.471 B.1.462 B.1.1.404 B.1.1.75 B.1.1.5 B.1.1.222 B.1.1.317 B.1.1.220 B.1.1.158 D.3 B.1.1.217 B.1.1.40 B.1.1.379 B.1.1.237 B.1.1.365 B.1.1.159 B.1.1.408 B.1.97 B.1.1.291 B.1.416.1 B.1.232 B.1.610 B.1.241 B.1.405 B.1.530 B.1.494 B.1.120 B.1.579 B.1.314 B.1.448 B.1.44 B.1.112 B.1.439 B.1.161 B.1.124 B.1.245 B.1.1.360 B.1.1.98 B.1.1.141 B.1.1.51 B.1.1.506 B.1.1.46 B.1.1.132 B.1.1.416 B.1.1.266 B.1.1.58 B.1.1.325 B.1.1.362 B.1.1.244 B.1.1.177 B.1.1.359 B.1.1.263 B.1.1.381 B.1.1.262 B.1.1.441 B.1.1.213 B.1.1.113 B.1.1.285 B.1.1.162 B.1.1.210 B.1.1.48 B.1.1.305 B.1.1.49 B,0.00228833 0.00228833 0.00228833 0.00228833 0.00228833 0.00228833 0.00228833 0.00228833 0.00228833 0.00228833 0.00228833 0.00228833 0.00228833 0.00228833 0.00228833 0.00228833 0.00228833 0.00228833 0.00228833 0.00228833 0.00228833 0.00228833 0.00228833 0.00228833 0.00228833 0.00228833 0.00228833 0.00228833 0.00228833 0.00228833 0.00228833 0.00228833 0.00228833 0.00228833 0.00228833 0.00228833 0.00228833 0.00228833 0.00228833 0.00228833 0.00228833 0.00228833 0.00228833 0.00228833 0.00228833 0.00228833 0.00228833 0.00228833 0.00228833 0.00228833 0.00228833 0.00228833 0.00228833 0.00228833 0.00228833 0.00228833 0.00228833 0.00228833 0.00228833 0.00228833 0.00228833 0.00228833 0.00228833 0.00228833 0.00228833 0.00228833 0.00228833 0.00228833 0.00228833 0.00228833 0.00228833 0.00228833 0.00228833 0.00228833 0.00228833 0.00228833 0.00228833 0.00228833 0.00228833 0.00228833 0.00228833 0.00228833 0.00228833 0.00228833 0.00228833 0.00228833 0.00228833 0.00228833 0.00228833 0.00228833 0.00228833 0.00228833 0.00228833 0.00228833 0.00228833 0.00228833 0.00228833 0.00228833 0.00228833 0.00228833 0.00228833 0.00228833 0.00228833 0.00228833 0.00228833 0.00228833 0.00228833 0.00228833 0.00228833 0.00228833 0.00228833 0.00228833 0.00228833 0.00228833 0.00228833 0.00228833 0.00228833 0.00228833 0.00228833 0.00228833 0.00228833 0.00228833 0.00228833 0.00228833 0.00228833 0.00228833 0.00228833 0.00228833 0.00228833 0.00228833 0.00228833 0.00228833 0.00228833 0.00228833 0.00228833 0.00228833 0.00228833 0.00228833 0.00228833 0.00228833 0.00228833 0.00228833 0.00228833 0.00228833 0.00228833 0.00228833 0.00228833 0.00228833 0.00228833 0.00228833 0.00228833 0.00228833 0.00228833 0.00228833 0.00228833 0.00228833 0.00228833 0.00228833 0.00228833 0.00228833 0.00228833 0.00228833 0.00228833 0.00228833 0.00228833 0.00228833 0.00228833 0.00228833 0.00228833 0.00228833 0.00228833 0.00228833 0.00228833 0.00228833 0.00228833 0.00228833 0.00228833 0.00228833 0.00228833 0.00228833 0.00228833 0.00228833 0.00228833 0.00228833 0.00228833 0.00228833 0.00228833 0.00228833 0.00228833 0.00228833 0.00228833 0.00228833 0.00228833 0.00228833 0.00228833 0.00228833 0.00228833 0.00228833 0.00228833 0.00228833 0.00228833 0.00228833 0.00228833 0.00228833 0.00228833 0.00228833 0.00228833 0.00228833 0.00228833 0.00228833 0.00228833 0.00228833 0.00228833 0.00228833 0.00228833 0.00228833 0.00228833 0.00228833 0.00228833 0.00228833 0.00228833 0.00228833 0.00228833 0.00228833 0.00228833 0.00228833 0.00228833 0.00228833 0.00228833 0.00228833 0.00228833 0.00228833 0.00228833 0.00228833 0.00228833 0.00228833 0.00228833 0.00228833 0.00228833 0.00228833 0.00228833 0.00228833 0.00228833 0.00228833 0.00228833 0.00228833 0.00228833 0.00228833 0.00228833 0.00228833 0.00228833 0.00228833 0.00228833 0.00228833 0.00228833 0.00228833 0.00228833 0.00228833 0.00228833 0.00228833 0.00228833 0.00228833 0.00228833 0.00228833 0.00228833 0.00228833 0.00228833 0.00228833 0.00228833 0.00228833 0.00228833 0.00228833 0.00228833 0.00228833 0.00228833 0.00228833 0.00228833 0.00228833 0.00228833 0.00228833 0.00228833 0.00228833 0.00228833 0.00228833 0.00228833 0.00228833 0.00228833 0.00228833 0.00228833 0.00228833 0.00228833 0.00228833 0.00228833 0.00228833 0.00228833 0.00228833 0.00228833 0.00228833 0.00228833 0.00228833 0.00228833 0.00228833 0.00228833 0.00228833 0.00228833 0.00228833 0.00228833 0.00228833 0.00228833 0.00228833 0.00228833 0.00228833 0.00228833 0.00228833 0.00228833 0.00228833 0.00228833 0.00228833 0.00228833 0.00228833 0.00228833 0.00228833 0.00228833 0.00228833 0.00228833 0.00228833 0.00228833 0.00228833 0.00228833 0.00228833 0.00228833 0.00228833 0.00228833 0.00228833 0.00228833 0.00228833 0.00228833 0.00228833 0.00228833 0.00228833 0.00228833 0.00228833 0.00228833 0.00228833 0.00228833 0.00228833 0.00228833 0.00228833 0.00228833 0.00228833 0.00228833 0.00228833 0.00228833 0.00228833 0.00228833 0.00228833 0.00228833 0.00228833 0.00228833 0.00228833 0.00228833 0.00228833 0.00228833 0.00228833 0.00228833 0.00228833 0.00228833 0.00228833 0.00228833 0.00228833 0.00228833 0.00228833 0.00228833 0.00228833 0.00228833 0.00228833 0.00228833 0.00228833 0.00228833 0.00228833 0.00228833 0.00228833 0.00228833 0.00228833 0.00228833 0.00228833 0.00228833 0.00228833 0.00228833 0.00228833 0.00228833 0.00228833 0.00228833 0.00228833 0.00228833 0.00228833 0.00228833 0.00228833 0.00228833 0.00228833 0.00228833 0.00228833 0.00228833 0.00228833 0.00228833 0.00228833 0.00228833 0.00228833 0.00228833 0.00228833 0.00228833 0.00228833 0.00228833 0.00228833 0.00228833 0.00228833 0.00228833 0.00228833 0.00228833 0.00228833 0.00228833 0.00228833 0.00228833 0.00228833 0.00228833 0.00228833 0.00228833 0.00228833 0.00228833 0.00228833 0.00228833 0.00228833 0.00228833 0.00228833 0.00228833 0.00228833 0.00228833,0.630929753617842,0.11035682038591446
SRR16298160,SRR16298160,Unassigned,20A,PASS,14341,14341,28322,101.828,96.1342,11221,173.6,5,22,7,37,18420,0,11292,29712,fastp 0.23.2,minimap2 : 2.24-r1122,samtools ampliconclip : samtools 1.15,iVar version 1.3.1,NC_045512,-,4503.901235,bad,,,,,,,PUSHER-v1.13,4.1.2,0.3.17,v0.1.10,False,fail,Ambiguous_content:0.62,,[('Other'  0.999999999997037)],B.1.243,1.00000000,1.5961945694314985,76.2966926395345
SRR16298161,SRR16298161,Unassigned,20C,FAIL,188463,188463,368960,457.784,67.0769,12622,128.0,11,21,24,39,16437,1,12631,29069,fastp 0.23.2,minimap2 : 2.24-r1122,samtools ampliconclip : samtools 1.15,iVar version 1.3.1,NC_045512,-,3629.304444,bad,,,,,,,PUSHER-v1.13,4.1.2,0.3.17,v0.1.10,False,fail,Ambiguous_content:0.58,,[('Other'  0.9995753720001855)],B.1.2,0.99957537,2.2832676135541257,56.506036183660505
SRR16298162,SRR16298162,Unassigned,,,15303,15303,16538,16.8629,99.2476,0,123.9,0,44,2,89,29798,0,0,29798,fastp 0.23.2,minimap2 : 2.24-r1122,samtools ampliconclip : samtools 1.15,iVar version 1.3.1,,,,,,,,,,,PUSHER-v1.13,4.1.2,0.3.17,v0.1.10,False,fail,failed to map,,[('Other'  0.9999999999915903)],B.1.400.1 B B.1 B.1.400 B.1.399,0.33333300 0.33333300 0.16666700 0.09523800 0.07142900,4.934637126046619,45.19279002106812
SRR16298163,SRR16298163,Unassigned,,,162,162,314,1.03013,42.6746,0,121.4,0,33,98,98,29725,0,0,29725,fastp 0.23.2,minimap2 : 2.24-r1122,samtools ampliconclip : samtools 1.15,iVar version 1.3.1,,,,,,,,,,,PUSHER-v1.13,4.1.2,0.3.17,v0.1.10,False,fail,failed to map,,[('Other'  0.9999999999980974)],B.1.36.38 B.1.437 B.1.39 B.1.489 B.1.302 B.1.453 B.1.572 B.1.324 B.1.320 B.1.510 B.1.344 B.1.520 B.1.513 B.1.319 B.1.321 B.1.413 B.1.294 B.1.333 B.1.428 B.1.570 B.1.298 B.1.428.3 B.1.428.1 B.1.533 B.1.491 B.1.44 B.1.314 B.1.576 B.1.40 B.1.340 B.1.582 B.1.349 B.1.22 B.1.586 B.1.334 B.1.304 B.1.267,0.05675076 0.02620137 0.02620137 0.02620137 0.02620137 0.02620137 0.02620137 0.02620137 0.02620137 0.02620137 0.02620137 0.02620137 0.02620137 0.02620137 0.02620137 0.02620137 0.02620137 0.02620137 0.02620137 0.02620137 0.02620137 0.02620137 0.02620137 0.02620137 0.02620137 0.02620137 0.02620137 0.02620137 0.02620137 0.02620137 0.02620137 0.02620137 0.02620137 0.02620137 0.02620137 0.02620137 0.02620137,3.0948224578778345,0.0
SRR16298164,SRR16298164,Unassigned,,,37159,37159,74240,0.0768485,4.21028,0,134.6,0,3,98,98,29849,0,0,29849,fastp 0.23.2,minimap2 : 2.24-r1122,samtools ampliconclip : samtools 1.15,iVar version 1.3.1,,,,,,,,,,,PUSHER-v1.13,4.1.2,0.3.17,v0.1.10,False,fail,failed to map,,[('Other'  0.9999999999999992)],B.1.127,1.00000000,3.385331381336954e-15,0.06353877537370832
SRR16298165,SRR16298165,Unassigned,19B,PASS,533855,533855,1059492,1262.41,44.7748,10849,158.6,6,12,46,46,16045,0,10850,26895,fastp 0.23.2,minimap2 : 2.24-r1122,samtools ampliconclip : samtools 1.15,iVar version 1.3.1,NC_045512,-,3400.617627,bad,,,,,,,PUSHER-v1.13,4.1.2,0.3.17,v0.1.10,False,fail,Ambiguous_content:0.64,,[('Other'  0.9940127280286278)],B.1.1.348,0.99401273,3.0534619508205707,37.618299167307626
SRR16298166,SRR16298166,Unassigned,,,6343,6343,4488,0.119018,9.70471,0,151.9,0,8,98,98,26645,0,0,26645,fastp 0.23.2,minimap2 : 2.24-r1122,samtools ampliconclip : samtools 1.15,iVar version 1.3.1,,,,,,,,,,,PUSHER-v1.13,4.1.2,0.3.17,v0.1.10,False,fail,failed to map,,[('Other'  0.9851551956806296)  ('Alpha'  0.006747638326579683)  ('Beta'  0.005398110661263746)  ('Kappa'  0.0013495276653159366)  ('Eta'  0.0013495276653159366)],Q.2 B.1.287 B.1.355 B.1.452 B.1.606 B.1.304 B.1.117 B.1.366 B.1.298 B.1.515 B.1.428 B.1.369 B.1.372 B.1.318 B.1.496 B.1.3 B.1.497 B.1.495 B.1.493 B.1.359 B.1.235 B.1.402 B.1.168 B.1.335 B.1.451 B.1.334 B.1.342 B.1.293 B.1.349 B.1.332 B.1.306 B.1.22 B.1.116 B.1.590 B.1.370 B.1.336 B.1.265 B.1.595 B.1.301 B.1.450 B.1.424 B.1.586 B.1.310 B.1.362 B.1.289 B.1.551 B.1.407 B.1.408 B.1.1.185 B.1.1.402 B.1.1.463 B.1.1.169 B.1.1.438 B.1.1.440 B.1.1.378 B.1.1.25 B.1.1.485 B.1.1.26 B.1.1.148 B.1.1.118 B.1.1.59 B.1.1.134 B.1.173 B.1.1.137 B.1.1.200 B.1.1.164 B.1.1.122 B.1.1.43 B.1.1.174 B.1.1.129 B.1.231 B.1.1.57 B.1.256 B.1.188 B.1.131 B.1.214 B.1.210 B.1.565 B.1.1.341 B.1.1.121 B.1.1.320 B.1.1.500 B.1.1.203 B.1.1.376 B.1.1.172 B.1.1.33 B.1.1.306 B.1.1.187 B.1.1.398 B.1.1.10 B.1.1.117 B.1.607 B.1.582 B.1.1.362 B.1.1.115 B.1.1.300 B.1.1.307 B.1.1.107 B.1.1.309 B.1.1.310 B.1.1.231 B.1.1.328 B.1.1.329 B.1.1.41 B.1.1.133 B.1.12 B.1.1.204 B.1.1.421 B.1.1.270 B.1.1.82 B.1.1.253 B.1.1.15 B.1.1.507 B.1.1.255 B.1.1.261 B.1.1.514 B.1.1.301 B.1.1.513 B.1.1.299 B.1.1.325 B.1.1.58 B.1.1.416 B.1.1.487 B.1.1.132 B.1.1.524 B.1.1.46 B.1.560 B.1.1.396 B.1.1.280 B.1.1.141 B.1.1.40 B.1.1.217 D.3 B.1.1.193 B.1.1.67 B.1.1.116 B.1.1.70 B.1.1.27 B.1.1.160 B.1.1.135 B.1.1.382 B.1.1.5 B.1.1.3 B.1.1.154 B.1.1.404 B.1.1.297 B.1.276 B.1.110.1 B.1.462 B.1.467 B.1.471 B.1.523 B.1.459 B.1.470 B.1.465 B.1.492 B.1.597 B.1.40 B.1.328 B.1.340 B.1.356 B.1.1.75 B.1.1.222 B.1.1.130 B.1.1.317 B.1.1.155 B.1.1.384 B.1.1.426 B.1.1.304 B.1.1.14 B.1.1.45 B.1.1.63 B.1.1.458 B.1.1.257 B.1.1.17 B.1.1.349 B.1.1.423 B.1.1.232 B.1.1.8 B.1.1.480 B.1.1.119 B.1.1.464 B.1.1.158 B.1.1.220 B.1.1.372 B.1.1.83 B.1.1.180 B.1.378 B.43 B.58 B.1.543 B.1.194 B.1.187 B.1.70 B.1.179 B.1.91 B.1.199 B.1.545 B.1.1.274 B.1.134 B.1.195 B.1.78 B.1.143 B.1.145 B.1.142 B.1.383 B.1.395 B.1.201 B.4.4 B.4.7 B.1.137 B.1.220 B.1.182 B.1.379 B.1.222 B.1.106 B.1.206 B.1.377 B.1.69 B.1.93 B.1.198 B.1.23 B.1.384 B.1.35 B.1.205 B.1.146 B.1.208 B.1.6 B.1.213 B.1.147 B.1.211 B.1.81 B.1.8 B.1.215 B.12 B.13 B.51 B.4 B.42 B.10 B.11 B.57 B.52 B.47 B.6 B.5 B.19 B.23 B.26 B.55 B.27 B.1.14 B.20 B.15 B.45 B.28 B.1.76 B.61 B.1.67 B.4.8 B.4.5 B.6.6 B.35 B.39 B.60 B.1 B.4.6 B.3.1 B.34 B.32 B.37 B.40 B.30 B.18 B.3 B.29 B.33 B.1.180 B.1.157 B.1.420 B.1.333 B.1.39 B.1.489 B.1.108 B.1.487 B.1.167 B.1.302 B.1.268 B.1.453 B.1.572 B.1.324 B.1.485 B.1.320 B.1.510 B.1.344 B.1.520 B.1.513 B.1.319 B.1.166 B.1.321 B.1.330 B.1.431 B.1.360 B.1.511 B.1.1.166 B.1.1.254 B.1.1.34 B.1.1.192 B.1.1.205 B.1.1.189 B.1.1.71 B.1.1.142 B.1.1.197 B.1.1.95 B.1.478 B.1.273 B.1.277 B.1.274 B.1.13 B.1.37 B.1.479 B.1.483 B.1.110.2 B.1.264 B.1.413 B.1.223 B.1.416 B.1.546 B.1.636 B.1.393 B.1.153 B.1.552 B.1.96 B.1.1 B.1.382 B.1.110 B.1.250 B.1.251 B.1.248 B.1.104 B.1.391 B.1.559 B.1.415 B.1.418 B.1.181 B.1.609 B.1.126 B.1.233 B.1.38 B.1.229 B.1.564 B.1.294 B.1.323 B.1.115 B.1.315 B.1.267 B.1.252 B.1.254 B.1.240 B.1.401 B.1.399 B.1.558 B.1.238 B.1.400 B.1.397 B.1.239 B.1.243 B.1.381 B.1.556 B.1.1.109 B.1.1.395 Q.3 D.4 B.1.177.20 B.1.177.19 B.1.177.69 B.1.177.33 B.1.409 B.1.1.93 B.1.1.279 B.1.1.286 B.1.1.44 B.1.1.161 B.1.243.2 B.1.1.207 B.1.1.227 B.1.1.190 B.1.1.269 B.1.1.153 C.28 C.32 C.33 C.26 B.1.177.32 B.1.177.45 B.1.177.71 B.1.177.51 B.1.258.14 B.1.617.1 B.1.1.236 C.5 C.36 C.23 AH.2 B.1.1.251 B.1.1.338 B.1.1.336 B.1.1.348 B.1.36.26 B.1.36.17 B.1.351 B.1.564.1 B.1.177.76 B.1.177.25 B.1.177.52 B.1.177.24 C.4 C.1 C.14 B.1.305 B.1.177.72 B.1.177.16 B.1.177.17 B.1.421 B.1.258 B.1.1.322 B.1.1.486 AE.7 AE.2 B.1.1.425 B.1.1.482 B.1.1.358 B.1.1.243 B.1.1.351 B.1.1.353 B.1.1.182 D.2 B.1.1.450 B.1.1.344 B.1.428.3 B.1.338 C.3 B.1.569 C.27 C.12 C.13 C.35 AH.1 B.1.1.316 B.1.221 B.1.36.12 B.1.36.28 B.1.36.38 B.1.9.5 B.1.9.4 B.1.9.2 B.1.9.1 B.1.385 B.1.425 B.1.445 B.1.362.2 B.1.570 B.1.561 B.1.400.1 B.1.1.244 B.1.588 B.1.177.86 U.3 B.1.177.67 V.2 V.1 B.1.177.11 B.1.258.17 B.1.221.1 B.1.361 B.1.575 B.1.177.18 Z.1 B.1.177.54 W.1 W.4 B.1.177.4 B.1.177.40 B.1.177.12 B.1.177.35 B.1.177.44 B.1.587 B.1.36.39 B.1.221.3 B.1.177.62 Q.4 B.1.160.15 AA.7 Q.1 B.1.351.5 B.1.160.32 B.1.637 B.1.177.63 AA.3 AA.2 AA.5 AA.6 AA.4 AA.8 B.1.1.7 R.1 B.1.351.3 B.1.351.2 U.1 B.1.177.15 B.1.258.5 B.1.258.22 B.1.258.7 B.1.258.12 B.1.258.11 B.1.1.303 C.18 C.20 B.1.1.277 AM.3 B.1.36.21 B.1.36.22 B.1.562 B.1.423 B.1.177.21 B.1.177.53 B.1.177.85 B.1.177.50 B.1.177.3 B.1.177.2 B.1.177.74 B.1.177.23 B.1.258.6 AA.1 B.1.258.10 B.1.177.43 C.38 B.1.36.2 B.1.640 B.1.438.4 B.1.177.81 Y.1 B.1.177.59 B.1.177.65 B.1.177.60 B.1.177.8 B.1.177.48 B.1.177.7 B.1.177.58 B.1.177.5 B.1.177.77 B.1.177.55 B.1.177.56 W.2 B.1.177.73 B.1.1.388 B.1.1.198 B.1.1.302 B.1.589 B.1.112 B.1.605 B.1.578 B.1.580 B.1.581 B.1.44 B.1.448 B.1.594 B.1.567 B.1.577 B.1.1.170 B.1.603 B.1.337 B.1.120 B.1.576 B.1.571 B.1.494 B.1.525 B.1.530 B.1.554 B.1.163 B.1.439 B.1.161 B.1.442 B.1.1.518 B.1.1.521 AS.1 B.1.1.459 B.1.1.289 B.1.474 B.1.36 B.1.36.19 B.1.456 B.1.468 B.1.466 B.1.170 B.1.164 B.1.162 B.1.245 B.1.111 B.1.473 B.1.124 B.1.436 B.1.405 B.1.241 B.1.610 B.1.1.305 B.1.1.210 B.1.1.282 B.1.1.162 B.1.1.285 B.1.1.113 B.1.1.114 B.1.1.213 B.1.1.72 B.1.1.441 B.1.1.262 B.1.1.381 B.1.1.461 B.1.1.437 B.1.1.88 B.1.1.385 B.1.1.263 B.1.1.359 B.1.1.177 B.1.1.111 B.1.1.48 B.1.1.51 B.1.602 B.1.1.181 B.1.232 B.1.234 B.1.396 B.1.416.1 B.1.1.291 B.1.113 B.1.97 B.1.524 B.1.1.408 B.1.1.374 B.1.1.327 B.1.1.149 B.1.1.365 B.1.1.237 B.1.1.360 B.1.1.379 B.1.1.98 B.1.1.144 B.1.1.428 B.1.1.355 B.1.1.368 B.1.1.326 B.1.433 B.1.521 B.1.595.4 B.1.595.3 B.1.595.2 B.1.591 B.1.362.1 B.1.541 B.1.444 B.1.165 B.1.574 B.1.428.2 B.1.428.1 B.1.177 B.1.398 B.1.627 B.1.184 B.1.1.363 AE.4 B.1.548 B.1.435 B.1.585 AE.1 B.1.596.1 B.1.1.397 B.1.1.29 B.1.1.216 AK.1 B.1.1.171 B.1.1.418 AG.1 B.1.280 B.1.469 B.1.36.1 B.1.36.10 B.1.36.16 B.1.36.8 B.1.36.35 B.1.36.24 B.1.36.7 B.1.466.2 B.1.443 B.1.9 AE.6 B.1.1.139 B.1.1.389 B.1.1.308 B.1.1.420 B.1.1.256 B.1.1.97 B.1.1.406 B.1.1.123 B.59 B.1.1.371 B.1.1.298 B.1.1.1 B.1.1.186 B.1.1.55 B.1.1.339 B.1.1.241 B.1.1.165 B.1.1.392 B.1.1.208 B.1.1.38 B.1.1.138 B.1.1.194 B.1.1.86 B.1.1.311 B.1.1.226 B.1.1.240 B.1.1.214 B.1.1.284 B.1.1.47 B.1.1.50 B.1.1.209 B.1.1.403 L.2 B.1.1.288 B.1.1.13 B.1.1.345 B.1.1.432 B.1.1.228 B.1.1.120 B.1.1.354 B.1.533 B.1.1.147 B.1.1.512 B.1.1.268 B.1.1.16 B,0.00134953 0.00134953 0.00134953 0.00134953 0.00134953 0.00134953 0.00134953 0.00134953 0.00134953 0.00134953 0.00134953 0.00134953 0.00134953 0.00134953 0.00134953 0.00134953 0.00134953 0.00134953 0.00134953 0.00134953 0.00134953 0.00134953 0.00134953 0.00134953 0.00134953 0.00134953 0.00134953 0.00134953 0.00134953 0.00134953 0.00134953 0.00134953 0.00134953 0.00134953 0.00134953 0.00134953 0.00134953 0.00134953 0.00134953 0.00134953 0.00134953 0.00134953 0.00134953 0.00134953 0.00134953 0.00134953 0.00134953 0.00134953 0.00134953 0.00134953 0.00134953 0.00134953 0.00134953 0.00134953 0.00134953 0.00134953 0.00134953 0.00134953 0.00134953 0.00134953 0.00134953 0.00134953 0.00134953 0.00134953 0.00134953 0.00134953 0.00134953 0.00134953 0.00134953 0.00134953 0.00134953 0.00134953 0.00134953 0.00134953 0.00134953 0.00134953 0.00134953 0.00134953 0.00134953 0.00134953 0.00134953 0.00134953 0.00134953 0.00134953 0.00134953 0.00134953 0.00134953 0.00134953 0.00134953 0.00134953 0.00134953 0.00134953 0.00134953 0.00134953 0.00134953 0.00134953 0.00134953 0.00134953 0.00134953 0.00134953 0.00134953 0.00134953 0.00134953 0.00134953 0.00134953 0.00134953 0.00134953 0.00134953 0.00134953 0.00134953 0.00134953 0.00134953 0.00134953 0.00134953 0.00134953 0.00134953 0.00134953 0.00134953 0.00134953 0.00134953 0.00134953 0.00134953 0.00134953 0.00134953 0.00134953 0.00134953 0.00134953 0.00134953 0.00134953 0.00134953 0.00134953 0.00134953 0.00134953 0.00134953 0.00134953 0.00134953 0.00134953 0.00134953 0.00134953 0.00134953 0.00134953 0.00134953 0.00134953 0.00134953 0.00134953 0.00134953 0.00134953 0.00134953 0.00134953 0.00134953 0.00134953 0.00134953 0.00134953 0.00134953 0.00134953 0.00134953 0.00134953 0.00134953 0.00134953 0.00134953 0.00134953 0.00134953 0.00134953 0.00134953 0.00134953 0.00134953 0.00134953 0.00134953 0.00134953 0.00134953 0.00134953 0.00134953 0.00134953 0.00134953 0.00134953 0.00134953 0.00134953 0.00134953 0.00134953 0.00134953 0.00134953 0.00134953 0.00134953 0.00134953 0.00134953 0.00134953 0.00134953 0.00134953 0.00134953 0.00134953 0.00134953 0.00134953 0.00134953 0.00134953 0.00134953 0.00134953 0.00134953 0.00134953 0.00134953 0.00134953 0.00134953 0.00134953 0.00134953 0.00134953 0.00134953 0.00134953 0.00134953 0.00134953 0.00134953 0.00134953 0.00134953 0.00134953 0.00134953 0.00134953 0.00134953 0.00134953 0.00134953 0.00134953 0.00134953 0.00134953 0.00134953 0.00134953 0.00134953 0.00134953 0.00134953 0.00134953 0.00134953 0.00134953 0.00134953 0.00134953 0.00134953 0.00134953 0.00134953 0.00134953 0.00134953 0.00134953 0.00134953 0.00134953 0.00134953 0.00134953 0.00134953 0.00134953 0.00134953 0.00134953 0.00134953 0.00134953 0.00134953 0.00134953 0.00134953 0.00134953 0.00134953 0.00134953 0.00134953 0.00134953 0.00134953 0.00134953 0.00134953 0.00134953 0.00134953 0.00134953 0.00134953 0.00134953 0.00134953 0.00134953 0.00134953 0.00134953 0.00134953 0.00134953 0.00134953 0.00134953 0.00134953 0.00134953 0.00134953 0.00134953 0.00134953 0.00134953 0.00134953 0.00134953 0.00134953 0.00134953 0.00134953 0.00134953 0.00134953 0.00134953 0.00134953 0.00134953 0.00134953 0.00134953 0.00134953 0.00134953 0.00134953 0.00134953 0.00134953 0.00134953 0.00134953 0.00134953 0.00134953 0.00134953 0.00134953 0.00134953 0.00134953 0.00134953 0.00134953 0.00134953 0.00134953 0.00134953 0.00134953 0.00134953 0.00134953 0.00134953 0.00134953 0.00134953 0.00134953 0.00134953 0.00134953 0.00134953 0.00134953 0.00134953 0.00134953 0.00134953 0.00134953 0.00134953 0.00134953 0.00134953 0.00134953 0.00134953 0.00134953 0.00134953 0.00134953 0.00134953 0.00134953 0.00134953 0.00134953 0.00134953 0.00134953 0.00134953 0.00134953 0.00134953 0.00134953 0.00134953 0.00134953 0.00134953 0.00134953 0.00134953 0.00134953 0.00134953 0.00134953 0.00134953 0.00134953 0.00134953 0.00134953 0.00134953 0.00134953 0.00134953 0.00134953 0.00134953 0.00134953 0.00134953 0.00134953 0.00134953 0.00134953 0.00134953 0.00134953 0.00134953 0.00134953 0.00134953 0.00134953 0.00134953 0.00134953 0.00134953 0.00134953 0.00134953 0.00134953 0.00134953 0.00134953 0.00134953 0.00134953 0.00134953 0.00134953 0.00134953 0.00134953 0.00134953 0.00134953 0.00134953 0.00134953 0.00134953 0.00134953 0.00134953 0.00134953 0.00134953 0.00134953 0.00134953 0.00134953 0.00134953 0.00134953 0.00134953 0.00134953 0.00134953 0.00134953 0.00134953 0.00134953 0.00134953 0.00134953 0.00134953 0.00134953 0.00134953 0.00134953 0.00134953 0.00134953 0.00134953 0.00134953 0.00134953 0.00134953 0.00134953 0.00134953 0.00134953 0.00134953 0.00134953 0.00134953 0.00134953 0.00134953 0.00134953 0.00134953 0.00134953 0.00134953 0.00134953 0.00134953 0.00134953 0.00134953 0.00134953 0.00134953 0.00134953 0.00134953 0.00134953 0.00134953 0.00134953 0.00134953 0.00134953 0.00134953 0.00134953 0.00134953 0.00134953 0.00134953 0.00134953 0.00134953 0.00134953 0.00134953 0.00134953 0.00134953 0.00134953 0.00134953 0.00134953 0.00134953 0.00134953 0.00134953 0.00134953 0.00134953 0.00134953 0.00134953 0.00134953 0.00134953 0.00134953 0.00134953 0.00134953 0.00134953 0.00134953 0.00134953 0.00134953 0.00134953 0.00134953 0.00134953 0.00134953 0.00134953 0.00134953 0.00134953 0.00134953 0.00134953 0.00134953 0.00134953 0.00134953 0.00134953 0.00134953 0.00134953 0.00134953 0.00134953 0.00134953 0.00134953 0.00134953 0.00134953 0.00134953 0.00134953 0.00134953 0.00134953 0.00134953 0.00134953 0.00134953 0.00134953 0.00134953 0.00134953 0.00134953 0.00134953 0.00134953 0.00134953 0.00134953 0.00134953 0.00134953 0.00134953 0.00134953 0.00134953 0.00134953 0.00134953 0.00134953 0.00134953 0.00134953 0.00134953 0.00134953 0.00134953 0.00134953 0.00134953 0.00134953 0.00134953 0.00134953 0.00134953 0.00134953 0.00134953 0.00134953 0.00134953 0.00134953 0.00134953 0.00134953 0.00134953 0.00134953 0.00134953 0.00134953 0.00134953 0.00134953 0.00134953 0.00134953 0.00134953 0.00134953 0.00134953 0.00134953 0.00134953 0.00134953 0.00134953 0.00134953 0.00134953 0.00134953 0.00134953 0.00134953 0.00134953 0.00134953 0.00134953 0.00134953 0.00134953 0.00134953 0.00134953 0.00134953 0.00134953 0.00134953 0.00134953 0.00134953 0.00134953 0.00134953 0.00134953 0.00134953 0.00134953 0.00134953 0.00134953 0.00134953 0.00134953 0.00134953 0.00134953 0.00134953 0.00134953 0.00134953 0.00134953 0.00134953 0.00134953 0.00134953 0.00134953 0.00134953 0.00134953 0.00134953 0.00134953 0.00134953 0.00134953 0.00134953 0.00134953 0.00134953 0.00134953 0.00134953 0.00134953 0.00134953 0.00134953 0.00134953 0.00134953 0.00134953 0.00134953 0.00134953 0.00134953 0.00134953 0.00134953 0.00134953 0.00134953 0.00134953 0.00134953 0.00134953 0.00134953 0.00134953 0.00134953 0.00134953 0.00134953 0.00134953 0.00134953 0.00134953 0.00134953 0.00134953 0.00134953 0.00134953 0.00134953 0.00134953 0.00134953 0.00134953 0.00134953 0.00134953 0.00134953 0.00134953 0.00134953 0.00134953 0.00134953 0.00134953 0.00134953 0.00134953 0.00134953 0.00134953 0.00134953 0.00134953 0.00134953 0.00134953 0.00134953 0.00134953 0.00134953 0.00134953 0.00134953 0.00134953 0.00134953 0.00134953 0.00134953 0.00134953 0.00134953 0.00134953 0.00134953 0.00134953 0.00134953 0.00134953 0.00134953 0.00134953 0.00134953 0.00134953 0.00134953 0.00134953 0.00134953 0.00134953 0.00134953 0.00134953 0.00134953 0.00134953 0.00134953 0.00134953 0.00134953 0.00134953 0.00134953 0.00134953 0.00134953 0.00134953 0.00134953 0.00134953 0.00134953 0.00134953 0.00134953 0.00134953 0.00134953 0.00134953 0.00134953 0.00134953 0.00134953 0.00134953 0.00134953 0.00134953 0.00134953 0.00134953 0.00134953 0.00134953 0.00134953 0.00134953 0.00134953 0.00134953 0.00134953 0.00134953 0.00134953 0.00134953 0.00134953 0.00134953 0.00134953 0.00134953 0.00134953 0.00134953 0.00134953 0.00134953 0.00134953 0.00134953 0.00134953 0.00134953 0.00134953 0.00134953 0.00134953 0.00134953 0.00134953 0.00134953 0.00134953 0.00134953 0.00134953 0.00134953 0.00134953 0.00134953 0.00134953 0.00134953 0.00134953 0.00134953 0.00134953 0.00134953 0.00134953 0.00134953 0.00134953 0.00134953 0.00134953 0.00134953 0.00134953 0.00134953 0.00134953,5.644390469174337e-13,0.0
SRR16298167,SRR16298167,Unassigned,,,1330,1330,1058,0.0461158,3.34415,0,286.0,0,0,98,98,14209,0,0,14209,fastp 0.23.2,minimap2 : 2.24-r1122,samtools ampliconclip : samtools 1.15,iVar version 1.3.1,,,,,,,,,,,PUSHER-v1.13,4.1.2,0.3.17,v0.1.10,False,fail,failed to map,,[],,,1.7180053427875913e-11,0.0
SRR16298168,SRR16298168,A,19B,PASS,331747,331747,653634,1785.27,98.659,28875,157.7,0,8,0,1,908,0,28901,29809,fastp 0.23.2,minimap2 : 2.24-r1122,samtools ampliconclip : samtools 1.15,iVar version 1.3.1,NC_045512,-,5.070837,good,0.0,,,,,,PUSHER-v1.13,4.1.2,0.3.17,v0.1.10,False,pass,Ambiguous_content:0.05,Usher placements: A(1/1),[('A'  0.9987631399991866)  ('Other'  0.0012368599999245807)],A B.11,0.99876314 0.00123686,2.2104588970396115,98.59545864963381
SRR16298169,SRR16298169,Unassigned,19B,PASS,223543,223543,442810,806.773,91.9506,19265,157.2,3,14,4,14,10389,1,19337,29727,fastp 0.23.2,minimap2 : 2.24-r1122,samtools ampliconclip : samtools 1.15,iVar version 1.3.1,NC_045512,-,1397.267778,bad,,,,,,,PUSHER-v1.13,4.1.2,0.3.17,v0.1.10,False,fail,Ambiguous_content:0.36,,[('A'  0.9986159999986308)],A,0.99861600,2.1191222451186205,83.2491723238471
SRR16298170,SRR16298170,A,19B,PASS,606680,606680,1197492,2125.61,90.4692,24929,162.0,3,10,1,2,4886,0,24931,29817,fastp 0.23.2,minimap2 : 2.24-r1122,samtools ampliconclip : samtools 1.15,iVar version 1.3.1,NC_045512,-,288.496516,bad,0.0,,,,,,PUSHER-v1.13,4.1.2,0.3.17,v0.1.10,False,pass,Ambiguous_content:0.18,Usher placements: A(1/1),[('A'  0.9918716600003622)  ('Other'  0.005045409999822054)],A B.23,0.99187166 0.00504541,1.8543987717697854,85.33257532689028
SRR16298171,SRR16298171,B.1,20C,FAIL,356628,356628,705516,1408.97,94.5424,25689,155.1,33,42,2,4,4165,2,25712,29879,fastp 0.23.2,minimap2 : 2.24-r1122,samtools ampliconclip : samtools 1.15,iVar version 1.3.1,NC_045512,-,855.441701,bad,0.0,,,,,,PUSHER-v1.13,4.1.2,0.3.17,v0.1.10,False,pass,Ambiguous_content:0.15,Usher placements: B.1(2/2),[('Other'  0.9813440292285622)],B.1.344 B.1.302 B.1.355 B.1.360 B.1.366 B.1.572 B.1.597,0.96723685 0.00552486 0.00250313 0.00198807 0.00162338 0.00126582 0.00120192,11.263125799375691,90.44243052536535
SRR16298172,SRR16298172,Unassigned,,PASS,2604,2604,5108,20.4665,99.7826,148,200.7,0,11,2,86,29687,0,151,29838,fastp 0.23.2,minimap2 : 2.24-r1122,samtools ampliconclip : samtools 1.15,iVar version 1.3.1,NC_045512,-,,,,,,,,,PUSHER-v1.13,4.1.2,0.3.17,v0.1.10,False,fail,failed to map,,[('Other'  0.9999999999973618)],B,1.00000000,1.9419811349038825,66.56857171521251
SRR16298173,SRR16298173,B,19A,PASS,138431,138431,272324,777.435,93.4053,25080,164.0,0,5,0,0,4757,1,25081,29839,fastp 0.23.2,minimap2 : 2.24-r1122,samtools ampliconclip : samtools 1.15,iVar version 1.3.1,NC_045512,-,273.494499,bad,0.5,,,,,,PUSHER-v1.13,4.1.2,0.3.17,v0.1.10,False,pass,Ambiguous_content:0.17,Usher placements: B(2/4) B.51(1/4) B.6(1/4),[('Other'  0.998569659998953)  ('A'  0.0010764299998588522)],B B.10 B.57 B.4.7 A,0.99265778 0.00362976 0.00120337 0.00107875 0.00107643,0.5605968493310273,88.98438283784236
SRR16298174,SRR16298174,Unassigned,,,148231,148231,292562,0.422734,22.3422,0,148.8,0,9,98,98,29441,0,0,29441,fastp 0.23.2,minimap2 : 2.24-r1122,samtools ampliconclip : samtools 1.15,iVar version 1.3.1,,,,,,,,,,,PUSHER-v1.13,4.1.2,0.3.17,v0.1.10,False,fail,failed to map,,[('Other'  0.9090909090880129)  ('A'  0.09090909090907029)],B B.41 B.3 B.18 B.30 B.40 B.37 B.32 B.34 B.3.1 B.60 B.39 B.35 A.5 B.58 B.43 A.24 A.26 A.25 A.11 A.19 B.29 A.21 B.33 B.52 B.15 B.20 B.61 B.26 B.27 B.1.14 B.23 B.6 B.47 B.19 B.57 B.51 B.28 B.12 B.13 B.45 A B.42 B.10 B.1.1.142 B.1.1.95 B.1.1.205 B.1.277 B.1.274 B.1.13 B.1.1.189 B.1.37 B.1.479 B.1.483 B.1.1.71 B.1.489 B.1.431 B.1.302 B.1.513 B.1.520 B.1.510 B.1.320 B.1.324 B.1.453 B.1.167 B.1.333 B.1.487 B.1.108 B.1.1.28 B.1.39 B.1.329 B.1.330 B.1.1.192 B.1.1.164 B.1.1.166 B.1.1.57 B.1.1.364 B.1.1.121 B.1.1.500 B.1.1.203 B.1.1.376 B.1.1.175 B.1.1.172 B.1.1.448 B.1.1.447 B.1.1.33 B.1.1.306 B.1.1.187 B.1.1.398 B.1.1.117 B.1.1.129 B.1.1.274 B.1.1.463 B.1.1.440 B.1.1.378 B.1.1.25 B.1.1.485 B.1.1.148 B.1.1.367 B.1.1.59 B.1.1.134 B.1.1.137 B.1.166 B.1.1.122 B.1.1.43 B.1.1.180 B.1.319 B.1.399 B.1.350 B.1.70 B.1.384 B.1.35 B.1.205 B.1.151 B.1.6 B.1.213 B.1.178 B.1.211 B.1.219 B.1.220 B.1.137 B.1.543 B.1.194 B.1.199 B.1.198 B.1.545 B.1.78 B.1.145 B.1.142 B.1.383 B.1.395 B.1.201 B.1.81 B.1.8 B.1.215 B.1.76 B.1.67 B.1 B.1.23 B.1.93 B.1.321 B.1.600 B.1.360 B.1.413 B.1.38 B.1.323 B.1.115 B.1.267 B.1.401 B.1.558 B.1.238 B.1.397 B.1.229 B.1.233 B.1.416 B.1.393 B.1.222 B.1.153 B.1.96 B.1.231 B.1.1 B.1.415 B.1.181 B.1.609 B.1.225 B.1.223 B.1.420 B.1.180 B.1.182 B.1.379 B.1.210 B.1.1.219 B.1.408 B.1.578 B.1.241 B.1.405 B.1.554 B.1.530 B.1.576 B.1.314 B.1.426 B.1.448 B.1.1.368 B.1.1.236 B.1.1.326 B.1.1.194 B.1.1.38 B.1.1.165 B.59 B.1.1.61 B.1.1.256 B.1.1.308 B.1.610 B.1.403 B.1.416.1 B.1.97 B.1.1.162 B.1.1.210 B.1.1.48 B.1.1.49 B.1.1.283 B.1.1.51 B.1.1.428 B.1.1.144 B.1.1.98 B.1.1.379 B.1.1.360 B.1.1.365 B.1.1.149 B.1.1.54 B.1.1.374 B.1.1.408 B.1.524 B.1.1.239 B.1.1.89 B.1.533 B.1.596.1 B.1.1.170 D.5 B.1.1.182 B.1.1.243 B.1.1.482 N.5 N.8 B.1.445 B.1.375 B.1.1.269 B.1.532 B.1.1.207 B.1.1.161 B.1.1.453 AV.1 B.1.1.44 B.1.409 B.1.1.171 B.1.435 B.1.1.354 B.1.521 B.1.1.228 B.1.1.432 B.1.1.345 B.1.1.13 B.1.1.209 B.1.1.50 B.1.1.226 B.1.1.139 AE.1 AE.6 N.4 N.3 N.1 N.2 N.6 B.1.574 B.1.165 B.1.1.285 B.1.1.113 B.1.1.114 B.1.336 B.1.116 B.1.22 B.1.332 B.1.293 B.1.342 B.1.372 B.1.12 B.1.356 B.1.340 B.1.40 B.1.597 B.1.492 B.1.276 B.1.1.297 B.1.1.404 B.1.1.8 B.1.1.423 B.1.370 B.1.265 B.1.1.63 B.1.301 B.1.551 B.1.402 B.1.235 B.1.236 B.1.287 B.1.298 B.1.366 B.1.117 B.1.304 B.1.355 B.1.451 B.1.334 B.1.289 B.1.310 B.1.586 B.1.424 B.1.450 B.1.1.17 B.1.1.14 B.1.1.441 B.1.1.116 B.1.1.217 B.1.1.40 B.1.1.141 B.1.1.280 B.1.1.506 B.1.560 B.1.1.487 B.1.1.416 B.1.1.58 B.1.1.325 B.1.1.380 B.1.1.362 B.1.1.395 B.1.1.244 B.1.1.111 B.1.1.88 B.1.1.312 B.1.1.67 B.1.1.70 B.1.1.258 B.1.1.301 B.1.1.261 B.1.1.253 B.1.1.82 B.1.1.270 B.1.1.249 B.1.1.421 B.1.1.133 B.1.1.115 B.1.1.41 B.1.1.37 B.1.1.310 B.1.1.309 B.1.1.356 B.1.1.107 B.1.1.307 B.1.1.300 B.1.1.514 B.1.407,0.01136364 0.01136364 0.01136364 0.01136364 0.01136364 0.01136364 0.01136364 0.01136364 0.01136364 0.01136364 0.01136364 0.01136364 0.01136364 0.01136364 0.01136364 0.01136364 0.01136364 0.01136364 0.01136364 0.01136364 0.01136364 0.01136364 0.01136364 0.01136364 0.01136364 0.01136364 0.01136364 0.01136364 0.01136364 0.01136364 0.01136364 0.01136364 0.01136364 0.01136364 0.01136364 0.01136364 0.01136364 0.01136364 0.01136364 0.01136364 0.01136364 0.01136364 0.01136364 0.01136364 0.00168919 0.00168919 0.00168919 0.00168919 0.00168919 0.00168919 0.00168919 0.00168919 0.00168919 0.00168919 0.00168919 0.00168919 0.00168919 0.00168919 0.00168919 0.00168919 0.00168919 0.00168919 0.00168919 0.00168919 0.00168919 0.00168919 0.00168919 0.00168919 0.00168919 0.00168919 0.00168919 0.00168919 0.00168919 0.00168919 0.00168919 0.00168919 0.00168919 0.00168919 0.00168919 0.00168919 0.00168919 0.00168919 0.00168919 0.00168919 0.00168919 0.00168919 0.00168919 0.00168919 0.00168919 0.00168919 0.00168919 0.00168919 0.00168919 0.00168919 0.00168919 0.00168919 0.00168919 0.00168919 0.00168919 0.00168919 0.00168919 0.00168919 0.00168919 0.00168919 0.00168919 0.00168919 0.00168919 0.00168919 0.00168919 0.00168919 0.00168919 0.00168919 0.00168919 0.00168919 0.00168919 0.00168919 0.00168919 0.00168919 0.00168919 0.00168919 0.00168919 0.00168919 0.00168919 0.00168919 0.00168919 0.00168919 0.00168919 0.00168919 0.00168919 0.00168919 0.00168919 0.00168919 0.00168919 0.00168919 0.00168919 0.00168919 0.00168919 0.00168919 0.00168919 0.00168919 0.00168919 0.00168919 0.00168919 0.00168919 0.00168919 0.00168919 0.00168919 0.00168919 0.00168919 0.00168919 0.00168919 0.00168919 0.00168919 0.00168919 0.00168919 0.00168919 0.00168919 0.00168919 0.00168919 0.00168919 0.00168919 0.00168919 0.00168919 0.00168919 0.00168919 0.00168919 0.00168919 0.00168919 0.00168919 0.00168919 0.00168919 0.00168919 0.00168919 0.00168919 0.00168919 0.00168919 0.00168919 0.00168919 0.00168919 0.00168919 0.00168919 0.00168919 0.00168919 0.00168919 0.00168919 0.00168919 0.00168919 0.00168919 0.00168919 0.00168919 0.00168919 0.00168919 0.00168919 0.00168919 0.00168919 0.00168919 0.00168919 0.00168919 0.00168919 0.00168919 0.00168919 0.00168919 0.00168919 0.00168919 0.00168919 0.00168919 0.00168919 0.00168919 0.00168919 0.00168919 0.00168919 0.00168919 0.00168919 0.00168919 0.00168919 0.00168919 0.00168919 0.00168919 0.00168919 0.00168919 0.00168919 0.00168919 0.00168919 0.00168919 0.00168919 0.00168919 0.00168919 0.00168919 0.00168919 0.00168919 0.00168919 0.00168919 0.00168919 0.00168919 0.00168919 0.00168919 0.00168919 0.00168919 0.00168919 0.00168919 0.00168919 0.00168919 0.00168919 0.00168919 0.00168919 0.00168919 0.00168919 0.00168919 0.00168919 0.00168919 0.00168919 0.00168919 0.00168919 0.00168919 0.00168919 0.00168919 0.00168919 0.00168919 0.00168919 0.00168919 0.00168919 0.00168919 0.00168919 0.00168919 0.00168919 0.00168919 0.00168919 0.00168919 0.00168919 0.00168919 0.00168919 0.00168919 0.00168919 0.00168919 0.00168919 0.00168919 0.00168919 0.00168919 0.00168919 0.00168919 0.00168919 0.00168919 0.00168919 0.00168919 0.00168919 0.00168919 0.00168919 0.00168919 0.00168919 0.00168919 0.00168919 0.00168919 0.00168919 0.00168919 0.00168919 0.00168919 0.00168919 0.00168919 0.00168919 0.00168919 0.00168919 0.00168919 0.00168919 0.00168919 0.00168919 0.00168919 0.00168919 0.00168919 0.00168919 0.00168919 0.00168919 0.00168919 0.00168919 0.00168919 0.00168919 0.00168919 0.00168919 0.00168919 0.00168919 0.00168919 0.00168919 0.00168919 0.00168919 0.00168919 0.00168919 0.00168919 0.00168919 0.00168919 0.00168919 0.00168919 0.00168919 0.00168919 0.00168919 0.00168919 0.00168919 0.00168919 0.00168919 0.00168919 0.00168919 0.00168919,1.0000000000017777,0.11035682038591446
SRR16298175,SRR16298175,Unassigned,19A,PASS,142646,142646,282724,128.788,62.2011,6110,156.1,2,13,50,66,23753,0,6111,29864,fastp 0.23.2,minimap2 : 2.24-r1122,samtools ampliconclip : samtools 1.15,iVar version 1.3.1,NC_045512,-,7545.174335,bad,,,,,,,PUSHER-v1.13,4.1.2,0.3.17,v0.1.10,False,fail,Ambiguous_content:0.8,,[('Other'  0.9867330739930369)  ('Theta'  0.0014492799998986742)],B.1.390 B.1.572 B.1.268 B.1.453 B.1.165 B.1.510 B.1.513 B.1.350 B.1.287 B.1.428 B.1.413 B.1.323 B.1.110 B.1.314 B.1.489 B.1.96 B.1.609 B.1.225 B.1.223 B.1.180 B.1.6 B.1.208 B.1.145 B.1 B.1.67 B.1.379 B.1.8 B.1.143 B.1.210 B.1.134 B.1.378 B.1.182 B.1.1.46 B.1.402 B.1.110.1 B.1.1.37 B.1.1.283 B.1.1.383 B.55 B.1.310 B.1.214 B.1.1.448 B.1.39 B.1.1.384 B.1.1.175 P.3 B.1.1.251 B.1.3 B.1.274 B.1.1.485,0.03781510 0.03479780 0.03479780 0.03479780 0.03479780 0.03479780 0.03479780 0.03479780 0.03479780 0.03479780 0.03479780 0.03479780 0.03479780 0.03479780 0.03479780 0.02386798 0.02386798 0.02386798 0.02386798 0.02386798 0.02386798 0.02386798 0.02386798 0.02386798 0.02386798 0.02386798 0.02386798 0.02386798 0.02386798 0.02386798 0.02386798 0.02386798 0.01363640 0.00840336 0.00512821 0.00357143 0.00325733 0.00298507 0.00268097 0.00238095 0.00211864 0.00198413 0.00196464 0.00178891 0.00164745 0.00144928 0.00128866 0.00106157 0.00104932 0.00104603,2.2622581450817774,32.8328261378457
